Workbook

Sheet ObservedDefoliations
A1: SimulationName | B1: Location | C1: WaterMgmt | D1: TreatNo | E1: Date | F1: DoY | G1: FarmingYear | H1: Season | I1: DaysSinceLastDefoliation | J1: DefoliatedWt | K1: CumDefoliatedWt
A2: RuakuraNo2WaterMgmtRainfed | B2: RuakuraNo2 | C2: Rainfed | D2: 4 | E2: 30147 | F2: =E2-DATE(YEAR(E2),1,0) -> 196 | G2: =YEAR(E2)+IF(MONTH(E2)<6,0,1) -> 1983 | H2: =IF(MONTH(E2)<3,"Summer",IF(MONTH(E2)<6,"Autumn",IF(MONTH(E2)<9,"Winter",IF(MONTH(E2)<12,"Spring","Summer")))) -> Winter | I2: 28 | J2: 318.2 | K2: =SUMIFS(J$2:J2,B$2:B2,B2,C$2:C2,C2,G$2:G2,G2) -> 318.2
A3: RuakuraNo2WaterMgmtRainfed | B3: RuakuraNo2 | C3: Rainfed | D3: 4 | E3: 30175 | F3: =E3-DATE(YEAR(E3),1,0) -> 224 | G3: =YEAR(E3)+IF(MONTH(E3)<6,0,1) -> 1983 | H3: =IF(MONTH(E3)<3,"Summer",IF(MONTH(E3)<6,"Autumn",IF(MONTH(E3)<9,"Winter",IF(MONTH(E3)<12,"Spring","Summer")))) -> Winter | I3: 28 | J3: 694.9 | K3: =SUMIFS(J$2:J3,B$2:B3,B3,C$2:C3,C3,G$2:G3,G3) -> 1013.1
A4: RuakuraNo2WaterMgmtRainfed | B4: RuakuraNo2 | C4: Rainfed | D4: 4 | E4: 30203 | F4: =E4-DATE(YEAR(E4),1,0) -> 252 | G4: =YEAR(E4)+IF(MONTH(E4)<6,0,1) -> 1983 | H4: =IF(MONTH(E4)<3,"Summer",IF(MONTH(E4)<6,"Autumn",IF(MONTH(E4)<9,"Winter",IF(MONTH(E4)<12,"Spring","Summer")))) -> Spring | I4: 28 | J4: 1279.9 | K4: =SUMIFS(J$2:J4,B$2:B4,B4,C$2:C4,C4,G$2:G4,G4) -> 2293
A5: RuakuraNo2WaterMgmtRainfed | B5: RuakuraNo2 | C5: Rainfed | D5: 4 | E5: 30231 | F5: =E5-DATE(YEAR(E5),1,0) -> 280 | G5: =YEAR(E5)+IF(MONTH(E5)<6,0,1) -> 1983 | H5: =IF(MONTH(E5)<3,"Summer",IF(MONTH(E5)<6,"Autumn",IF(MONTH(E5)<9,"Winter",IF(MONTH(E5)<12,"Spring","Summer")))) -> Spring | I5: 28 | J5: 2270.5 | K5: =SUMIFS(J$2:J5,B$2:B5,B5,C$2:C5,C5,G$2:G5,G5) -> 4563.5
A6: RuakuraNo2WaterMgmtRainfed | B6: RuakuraNo2 | C6: Rainfed | D6: 4 | E6: 30259 | F6: =E6-DATE(YEAR(E6),1,0) -> 308 | G6: =YEAR(E6)+IF(MONTH(E6)<6,0,1) -> 1983 | H6: =IF(MONTH(E6)<3,"Summer",IF(MONTH(E6)<6,"Autumn",IF(MONTH(E6)<9,"Winter",IF(MONTH(E6)<12,"Spring","Summer")))) -> Spring | I6: 28 | J6: 1982.4 | K6: =SUMIFS(J$2:J6,B$2:B6,B6,C$2:C6,C6,G$2:G6,G6) -> 6545.9
A7: RuakuraNo2WaterMgmtRainfed | B7: RuakuraNo2 | C7: Rainfed | D7: 4 | E7: 30287 | F7: =E7-DATE(YEAR(E7),1,0) -> 336 | G7: =YEAR(E7)+IF(MONTH(E7)<6,0,1) -> 1983 | H7: =IF(MONTH(E7)<3,"Summer",IF(MONTH(E7)<6,"Autumn",IF(MONTH(E7)<9,"Winter",IF(MONTH(E7)<12,"Spring","Summer")))) -> Summer | I7: 28 | J7: 2190.8 | K7: =SUMIFS(J$2:J7,B$2:B7,B7,C$2:C7,C7,G$2:G7,G7) -> 8736.7
A8: RuakuraNo2WaterMgmtRainfed | B8: RuakuraNo2 | C8: Rainfed | D8: 4 | E8: 30315 | F8: =E8-DATE(YEAR(E8),1,0) -> 364 | G8: =YEAR(E8)+IF(MONTH(E8)<6,0,1) -> 1983 | H8: =IF(MONTH(E8)<3,"Summer",IF(MONTH(E8)<6,"Autumn",IF(MONTH(E8)<9,"Winter",IF(MONTH(E8)<12,"Spring","Summer")))) -> Summer | I8: 28 | J8: 2200.1 | K8: =SUMIFS(J$2:J8,B$2:B8,B8,C$2:C8,C8,G$2:G8,G8) -> 10936.8
A9: RuakuraNo2WaterMgmtRainfed | B9: RuakuraNo2 | C9: Rainfed | D9: 4 | E9: 30343 | F9: =E9-DATE(YEAR(E9),1,0) -> 27 | G9: =YEAR(E9)+IF(MONTH(E9)<6,0,1) -> 1983 | H9: =IF(MONTH(E9)<3,"Summer",IF(MONTH(E9)<6,"Autumn",IF(MONTH(E9)<9,"Winter",IF(MONTH(E9)<12,"Spring","Summer")))) -> Summer | I9: 28 | J9: 1894.6 | K9: =SUMIFS(J$2:J9,B$2:B9,B9,C$2:C9,C9,G$2:G9,G9) -> 12831.4
A10: RuakuraNo2WaterMgmtRainfed | B10: RuakuraNo2 | C10: Rainfed | D10: 4 | E10: 30371 | F10: =E10-DATE(YEAR(E10),1,0) -> 55 | G10: =YEAR(E10)+IF(MONTH(E10)<6,0,1) -> 1983 | H10: =IF(MONTH(E10)<3,"Summer",IF(MONTH(E10)<6,"Autumn",IF(MONTH(E10)<9,"Winter",IF(MONTH(E10)<12,"Spring","Summer")))) -> Summer | I10: 28 | J10: 1014.7 | K10: =SUMIFS(J$2:J10,B$2:B10,B10,C$2:C10,C10,G$2:G10,G10) -> 13846.1
A11: RuakuraNo2WaterMgmtRainfed | B11: RuakuraNo2 | C11: Rainfed | D11: 4 | E11: 30399 | F11: =E11-DATE(YEAR(E11),1,0) -> 83 | G11: =YEAR(E11)+IF(MONTH(E11)<6,0,1) -> 1983 | H11: =IF(MONTH(E11)<3,"Summer",IF(MONTH(E11)<6,"Autumn",IF(MONTH(E11)<9,"Winter",IF(MONTH(E11)<12,"Spring","Summer")))) -> Autumn | I11: 28 | J11: 680.8 | K11: =SUMIFS(J$2:J11,B$2:B11,B11,C$2:C11,C11,G$2:G11,G11) -> 14526.9
A12: RuakuraNo2WaterMgmtRainfed | B12: RuakuraNo2 | C12: Rainfed | D12: 4 | E12: 30427 | F12: =E12-DATE(YEAR(E12),1,0) -> 111 | G12: =YEAR(E12)+IF(MONTH(E12)<6,0,1) -> 1983 | H12: =IF(MONTH(E12)<3,"Summer",IF(MONTH(E12)<6,"Autumn",IF(MONTH(E12)<9,"Winter",IF(MONTH(E12)<12,"Spring","Summer")))) -> Autumn | I12: 28 | J12: 1255.9 | K12: =SUMIFS(J$2:J12,B$2:B12,B12,C$2:C12,C12,G$2:G12,G12) -> 15782.8
A13: RuakuraNo2WaterMgmtRainfed | B13: RuakuraNo2 | C13: Rainfed | D13: 4 | E13: 30455 | F13: =E13-DATE(YEAR(E13),1,0) -> 139 | G13: =YEAR(E13)+IF(MONTH(E13)<6,0,1) -> 1983 | H13: =IF(MONTH(E13)<3,"Summer",IF(MONTH(E13)<6,"Autumn",IF(MONTH(E13)<9,"Winter",IF(MONTH(E13)<12,"Spring","Summer")))) -> Autumn | I13: 28 | J13: 1009.4 | K13: =SUMIFS(J$2:J13,B$2:B13,B13,C$2:C13,C13,G$2:G13,G13) -> 16792.2
... A693: WinchmoreWaterMgmtIrrigated | B693: Whichmore | C693: Irrigated | D693: 3 | E693: 37713 | F693: =E693-DATE(YEAR(E693),1,0) -> 92 | G693: =YEAR(E693)+IF(MONTH(E693)<6,0,1) -> 2003 | H693: =IF(MONTH(E693)<3,"Summer",IF(MONTH(E693)<6,"Autumn",IF(MONTH(E693)<9,"Winter",IF(MONTH(E693)<12,"Spring","Summer")))) -> Autumn | I693: 54 | J693: 2246.4 | K693: =SUMIFS(J$2:J693,B$2:B693,B693,C$2:C693,C693,G$2:G693,G693) -> 11039.1

Sheet ObservedAnnualMeans
A1: SimulationName | B1: Location | C1: WaterMgmt | D1: TreatNo | E1: Date | F1: DoY | G1: FarmingYear | H1: NumData | I1: DaysBetweenDefoliations | J1: AvgDefoliatedWt | K1: CumDefoliatedWt
A2: RuakuraNo2WaterMgmtRainfed | B2: RuakuraNo2 | C2: Rainfed | D2: 4 | E2: 30467 | F2: =E2-DATE(YEAR(E2),1,0) -> 151 | G2: 1983 | H2: =COUNTIFS(ObservedDefoliations!$A$2:$A$700,$A2,ObservedDefoliations!$B$2:$B$700,$B2,ObservedDefoliations!$C$2:$C$700,$C2,ObservedDefoliations!$G$2:$G$700,$G2) -> 12 | I2: =AVERAGEIFS(ObservedDefoliations!I$2:I$700,ObservedDefoliations!$A$2:$A$700,$A2,ObservedDefoliations!$B$2:$B$700,$B2,ObservedDefoliations!$C$2:$C$700,$C2,ObservedDefoliations!$G$2:$G$700,$G2) -> 28 | J2: =AVERAGEIFS(ObservedDefoliations!J$2:J$700,ObservedDefoliations!$A$2:$A$700,$A2,ObservedDefoliations!$B$2:$B$700,$B2,ObservedDefoliations!$C$2:$C$700,$C2,ObservedDefoliations!$G$2:$G$700,$G2) -> 1399.35 | K2: =SUMIFS(ObservedDefoliations!J$2:J$700,ObservedDefoliations!$A$2:$A$700,$A2,ObservedDefoliations!$B$2:$B$700,$B2,ObservedDefoliations!$C$2:$C$700,$C2,ObservedDefoliations!$G$2:$G$700,$G2) -> 16792.2
A3: RuakuraNo2WaterMgmtRainfed | B3: RuakuraNo2 | C3: Rainfed | D3: 4 | E3: 30833 | F3: =E3-DATE(YEAR(E3),1,0) -> 152 | G3: 1984 | H3: =COUNTIFS(ObservedDefoliations!$A$2:$A$700,$A3,ObservedDefoliations!$B$2:$B$700,$B3,ObservedDefoliations!$C$2:$C$700,$C3,ObservedDefoliations!$G$2:$G$700,$G3) -> 13 | I3: =AVERAGEIFS(ObservedDefoliations!$I$2:$I$700,ObservedDefoliations!$A$2:$A$700,$A3,ObservedDefoliations!$B$2:$B$700,$B3,ObservedDefoliations!$C$2:$C$700,$C3,ObservedDefoliations!$G$2:$G$700,$G3) -> 28 | J3: =AVERAGEIFS(ObservedDefoliations!J$2:J$700,ObservedDefoliations!$A$2:$A$700,$A3,ObservedDefoliations!$B$2:$B$700,$B3,ObservedDefoliations!$C$2:$C$700,$C3,ObservedDefoliations!$G$2:$G$700,$G3) -> 1291.3692 | K3: =SUMIFS(ObservedDefoliations!J$2:J$700,ObservedDefoliations!$A$2:$A$700,$A3,ObservedDefoliations!$B$2:$B$700,$B3,ObservedDefoliations!$C$2:$C$700,$C3,ObservedDefoliations!$G$2:$G$700,$G3) -> 16787.8
A4: RuakuraNo2WaterMgmtRainfed | B4: RuakuraNo2 | C4: Rainfed | D4: 4 | E4: 31198 | F4: =E4-DATE(YEAR(E4),1,0) -> 151 | G4: 1985 | H4: =COUNTIFS(ObservedDefoliations!$A$2:$A$700,$A4,ObservedDefoliations!$B$2:$B$700,$B4,ObservedDefoliations!$C$2:$C$700,$C4,ObservedDefoliations!$G$2:$G$700,$G4) -> 13 | I4: =AVERAGEIFS(ObservedDefoliations!$I$2:$I$700,ObservedDefoliations!$A$2:$A$700,$A4,ObservedDefoliations!$B$2:$B$700,$B4,ObservedDefoliations!$C$2:$C$700,$C4,ObservedDefoliations!$G$2:$G$700,$G4) -> 28 | J4: =AVERAGEIFS(ObservedDefoliations!J$2:J$700,ObservedDefoliations!$A$2:$A$700,$A4,ObservedDefoliations!$B$2:$B$700,$B4,ObservedDefoliations!$C$2:$C$700,$C4,ObservedDefoliations!$G$2:$G$700,$G4) -> 1301.0923 | K4: =SUMIFS(ObservedDefoliations!J$2:J$700,ObservedDefoliations!$A$2:$A$700,$A4,ObservedDefoliations!$B$2:$B$700,$B4,ObservedDefoliations!$C$2:$C$700,$C4,ObservedDefoliations!$G$2:$G$700,$G4) -> 16914.2
A5: RuakuraNo2WaterMgmtRainfed | B5: RuakuraNo2 | C5: Rainfed | D5: 4 | E5: 31563 | F5: =E5-DATE(YEAR(E5),1,0) -> 151 | G5: 1986 | H5: =COUNTIFS(ObservedDefoliations!$A$2:$A$700,$A5,ObservedDefoliations!$B$2:$B$700,$B5,ObservedDefoliations!$C$2:$C$700,$C5,ObservedDefoliations!$G$2:$G$700,$G5) -> 13 | I5: =AVERAGEIFS(ObservedDefoliations!$I$2:$I$700,ObservedDefoliations!$A$2:$A$700,$A5,ObservedDefoliations!$B$2:$B$700,$B5,ObservedDefoliations!$C$2:$C$700,$C5,ObservedDefoliations!$G$2:$G$700,$G5) -> 28 | J5: =AVERAGEIFS(ObservedDefoliations!J$2:J$700,ObservedDefoliations!$A$2:$A$700,$A5,ObservedDefoliations!$B$2:$B$700,$B5,ObservedDefoliations!$C$2:$C$700,$C5,ObservedDefoliations!$G$2:$G$700,$G5) -> 1254.9308 | K5: =SUMIFS(ObservedDefoliations!J$2:J$700,ObservedDefoliations!$A$2:$A$700,$A5,ObservedDefoliations!$B$2:$B$700,$B5,ObservedDefoliations!$C$2:$C$700,$C5,ObservedDefoliations!$G$2:$G$700,$G5) -> 16314.1
A6: RuakuraNo2WaterMgmtRainfed | B6: RuakuraNo2 | C6: Rainfed | D6: 4 | E6: 31928 | F6: =E6-DATE(YEAR(E6),1,0) -> 151 | G6: 1987 | H6: =COUNTIFS(ObservedDefoliations!$A$2:$A$700,$A6,ObservedDefoliations!$B$2:$B$700,$B6,ObservedDefoliations!$C$2:$C$700,$C6,ObservedDefoliations!$G$2:$G$700,$G6) -> 13 | I6: =AVERAGEIFS(ObservedDefoliations!$I$2:$I$700,ObservedDefoliations!$A$2:$A$700,$A6,ObservedDefoliations!$B$2:$B$700,$B6,ObservedDefoliations!$C$2:$C$700,$C6,ObservedDefoliations!$G$2:$G$700,$G6) -> 28 | J6: =AVERAGEIFS(ObservedDefoliations!J$2:J$700,ObservedDefoliations!$A$2:$A$700,$A6,ObservedDefoliations!$B$2:$B$700,$B6,ObservedDefoliations!$C$2:$C$700,$C6,ObservedDefoliations!$G$2:$G$700,$G6) -> 1158.0077 | K6: =SUMIFS(ObservedDefoliations!J$2:J$700,ObservedDefoliations!$A$2:$A$700,$A6,ObservedDefoliations!$B$2:$B$700,$B6,ObservedDefoliations!$C$2:$C$700,$C6,ObservedDefoliations!$G$2:$G$700,$G6) -> 15054.1
A7: RuakuraNo2WaterMgmtRainfed | B7: RuakuraNo2 | C7: Rainfed | D7: 4 | E7: 32294 | F7: =E7-DATE(YEAR(E7),1,0) -> 152 | G7: 1988 | H7: =COUNTIFS(ObservedDefoliations!$A$2:$A$700,$A7,ObservedDefoliations!$B$2:$B$700,$B7,ObservedDefoliations!$C$2:$C$700,$C7,ObservedDefoliations!$G$2:$G$700,$G7) -> 13 | I7: =AVERAGEIFS(ObservedDefoliations!$I$2:$I$700,ObservedDefoliations!$A$2:$A$700,$A7,ObservedDefoliations!$B$2:$B$700,$B7,ObservedDefoliations!$C$2:$C$700,$C7,ObservedDefoliations!$G$2:$G$700,$G7) -> 28 | J7: =AVERAGEIFS(ObservedDefoliations!J$2:J$700,ObservedDefoliations!$A$2:$A$700,$A7,ObservedDefoliations!$B$2:$B$700,$B7,ObservedDefoliations!$C$2:$C$700,$C7,ObservedDefoliations!$G$2:$G$700,$G7) -> 1035.7077 | K7: =SUMIFS(ObservedDefoliations!J$2:J$700,ObservedDefoliations!$A$2:$A$700,$A7,ObservedDefoliations!$B$2:$B$700,$B7,ObservedDefoliations!$C$2:$C$700,$C7,ObservedDefoliations!$G$2:$G$700,$G7) -> 13464.2
A8: RuakuraNo2WaterMgmtRainfed | B8: RuakuraNo2 | C8: Rainfed | D8: 4 | E8: 32659 | F8: =E8-DATE(YEAR(E8),1,0) -> 151 | G8: 1989 | H8: =COUNTIFS(ObservedDefoliations!$A$2:$A$700,$A8,ObservedDefoliations!$B$2:$B$700,$B8,ObservedDefoliations!$C$2:$C$700,$C8,ObservedDefoliations!$G$2:$G$700,$G8) -> 13 | I8: =AVERAGEIFS(ObservedDefoliations!$I$2:$I$700,ObservedDefoliations!$A$2:$A$700,$A8,ObservedDefoliations!$B$2:$B$700,$B8,ObservedDefoliations!$C$2:$C$700,$C8,ObservedDefoliations!$G$2:$G$700,$G8) -> 28 | J8: =AVERAGEIFS(ObservedDefoliations!J$2:J$700,ObservedDefoliations!$A$2:$A$700,$A8,ObservedDefoliations!$B$2:$B$700,$B8,ObservedDefoliations!$C$2:$C$700,$C8,ObservedDefoliations!$G$2:$G$700,$G8) -> 1120.5 | K8: =SUMIFS(ObservedDefoliations!J$2:J$700,ObservedDefoliations!$A$2:$A$700,$A8,ObservedDefoliations!$B$2:$B$700,$B8,ObservedDefoliations!$C$2:$C$700,$C8,ObservedDefoliations!$G$2:$G$700,$G8) -> 14566.5
A9: RuakuraNo2WaterMgmtRainfed | B9: RuakuraNo2 | C9: Rainfed | D9: 4 | E9: 33024 | F9: =E9-DATE(YEAR(E9),1,0) -> 151 | G9: 1990 | H9: =COUNTIFS(ObservedDefoliations!$A$2:$A$700,$A9,ObservedDefoliations!$B$2:$B$700,$B9,ObservedDefoliations!$C$2:$C$700,$C9,ObservedDefoliations!$G$2:$G$700,$G9) -> 13 | I9: =AVERAGEIFS(ObservedDefoliations!$I$2:$I$700,ObservedDefoliations!$A$2:$A$700,$A9,ObservedDefoliations!$B$2:$B$700,$B9,ObservedDefoliations!$C$2:$C$700,$C9,ObservedDefoliations!$G$2:$G$700,$G9) -> 27.923077 | J9: =AVERAGEIFS(ObservedDefoliations!J$2:J$700,ObservedDefoliations!$A$2:$A$700,$A9,ObservedDefoliations!$B$2:$B$700,$B9,ObservedDefoliations!$C$2:$C$700,$C9,ObservedDefoliations!$G$2:$G$700,$G9) -> 1168.7846 | K9: =SUMIFS(ObservedDefoliations!J$2:J$700,ObservedDefoliations!$A$2:$A$700,$A9,ObservedDefoliations!$B$2:$B$700,$B9,ObservedDefoliations!$C$2:$C$700,$C9,ObservedDefoliations!$G$2:$G$700,$G9) -> 15194.2
A10: RuakuraNo2WaterMgmtRainfed | B10: RuakuraNo2 | C10: Rainfed | D10: 4 | E10: 33389 | F10: =E10-DATE(YEAR(E10),1,0) -> 151 | G10: 1991 | H10: =COUNTIFS(ObservedDefoliations!$A$2:$A$700,$A10,ObservedDefoliations!$B$2:$B$700,$B10,ObservedDefoliations!$C$2:$C$700,$C10,ObservedDefoliations!$G$2:$G$700,$G10) -> 13 | I10: =AVERAGEIFS(ObservedDefoliations!$I$2:$I$700,ObservedDefoliations!$A$2:$A$700,$A10,ObservedDefoliations!$B$2:$B$700,$B10,ObservedDefoliations!$C$2:$C$700,$C10,ObservedDefoliations!$G$2:$G$700,$G10) -> 28.076923 | J10: =AVERAGEIFS(ObservedDefoliations!J$2:J$700,ObservedDefoliations!$A$2:$A$700,$A10,ObservedDefoliations!$B$2:$B$700,$B10,ObservedDefoliations!$C$2:$C$700,$C10,ObservedDefoliations!$G$2:$G$700,$G10) -> 1255.2154 | K10: =SUMIFS(ObservedDefoliations!J$2:J$700,ObservedDefoliations!$A$2:$A$700,$A10,ObservedDefoliations!$B$2:$B$700,$B10,ObservedDefoliations!$C$2:$C$700,$C10,ObservedDefoliations!$G$2:$G$700,$G10) -> 16317.8
A11: RuakuraNo2WaterMgmtRainfed | B11: RuakuraNo2 | C11: Rainfed | D11: 4 | E11: 33755 | F11: =E11-DATE(YEAR(E11),1,0) -> 152 | G11: 1992 | H11: =COUNTIFS(ObservedDefoliations!$A$2:$A$700,$A11,ObservedDefoliations!$B$2:$B$700,$B11,ObservedDefoliations!$C$2:$C$700,$C11,ObservedDefoliations!$G$2:$G$700,$G11) -> 13 | I11: =AVERAGEIFS(ObservedDefoliations!$I$2:$I$700,ObservedDefoliations!$A$2:$A$700,$A11,ObservedDefoliations!$B$2:$B$700,$B11,ObservedDefoliations!$C$2:$C$700,$C11,ObservedDefoliations!$G$2:$G$700,$G11) -> 28 | J11: =AVERAGEIFS(ObservedDefoliations!J$2:J$700,ObservedDefoliations!$A$2:$A$700,$A11,ObservedDefoliations!$B$2:$B$700,$B11,ObservedDefoliations!$C$2:$C$700,$C11,ObservedDefoliations!$G$2:$G$700,$G11) -> 1047.2462 | K11: =SUMIFS(ObservedDefoliations!J$2:J$700,ObservedDefoliations!$A$2:$A$700,$A11,ObservedDefoliations!$B$2:$B$700,$B11,ObservedDefoliations!$C$2:$C$700,$C11,ObservedDefoliations!$G$2:$G$700,$G11) -> 13614.2
A12: WinchmoreWaterMgmtRainfed | B12: Whichmore | C12: Rainfed | D12: 0 | E12: 24623 | F12: =E12-DATE(YEAR(E12),1,0) -> 151 | G12: 1967 | H12: =COUNTIFS(ObservedDefoliations!$A$2:$A$700,$A12,ObservedDefoliations!$B$2:$B$700,$B12,ObservedDefoliations!$C$2:$C$700,$C12,ObservedDefoliations!$G$2:$G$700,$G12) -> 9 | I12: =AVERAGEIFS(ObservedDefoliations!$I$2:$I$700,ObservedDefoliations!$A$2:$A$700,$A12,ObservedDefoliations!$B$2:$B$700,$B12,ObservedDefoliations!$C$2:$C$700,$C12,ObservedDefoliations!$G$2:$G$700,$G12) -> 33.888889 | J12: =AVERAGEIFS(ObservedDefoliations!J$2:J$700,ObservedDefoliations!$A$2:$A$700,$A12,ObservedDefoliations!$B$2:$B$700,$B12,ObservedDefoliations!$C$2:$C$700,$C12,ObservedDefoliations!$G$2:$G$700,$G12) -> 707.4 | K12: =SUMIFS(ObservedDefoliations!J$2:J$700,ObservedDefoliations!$A$2:$A$700,$A12,ObservedDefoliations!$B$2:$B$700,$B12,ObservedDefoliations!$C$2:$C$700,$C12,ObservedDefoliations!$G$2:$G$700,$G12) -> 6366.6
A13: WinchmoreWaterMgmtRainfed | B13: Whichmore | C13: Rainfed | D13: 0 | E13: 24989 | F13: =E13-DATE(YEAR(E13),1,0) -> 152 | G13: 1968 | H13: =COUNTIFS(ObservedDefoliations!$A$2:$A$700,$A13,ObservedDefoliations!$B$2:$B$700,$B13,ObservedDefoliations!$C$2:$C$700,$C13,ObservedDefoliations!$G$2:$G$700,$G13) -> 9 | I13: =AVERAGEIFS(ObservedDefoliations!$I$2:$I$700,ObservedDefoliations!$A$2:$A$700,$A13,ObservedDefoliations!$B$2:$B$700,$B13,ObservedDefoliations!$C$2:$C$700,$C13,ObservedDefoliations!$G$2:$G$700,$G13) -> 40.333333 | J13: =AVERAGEIFS(ObservedDefoliations!J$2:J$700,ObservedDefoliations!$A$2:$A$700,$A13,ObservedDefoliations!$B$2:$B$700,$B13,ObservedDefoliations!$C$2:$C$700,$C13,ObservedDefoliations!$G$2:$G$700,$G13) -> 874.85556 | K13: =SUMIFS(ObservedDefoliations!J$2:J$700,ObservedDefoliations!$A$2:$A$700,$A13,ObservedDefoliations!$B$2:$B$700,$B13,ObservedDefoliations!$C$2:$C$700,$C13,ObservedDefoliations!$G$2:$G$700,$G13) -> 7873.7
A14: WinchmoreWaterMgmtRainfed | B14: Whichmore | C14: Rainfed | D14: 0 | E14: 25354 | F14: =E14-DATE(YEAR(E14),1,0) -> 151 | G14: 1969 | H14: =COUNTIFS(ObservedDefoliations!$A$2:$A$700,$A14,ObservedDefoliations!$B$2:$B$700,$B14,ObservedDefoliations!$C$2:$C$700,$C14,ObservedDefoliations!$G$2:$G$700,$G14) -> 10 | I14: =AVERAGEIFS(ObservedDefoliations!$I$2:$I$700,ObservedDefoliations!$A$2:$A$700,$A14,ObservedDefoliations!$B$2:$B$700,$B14,ObservedDefoliations!$C$2:$C$700,$C14,ObservedDefoliations!$G$2:$G$700,$G14) -> 40.9 | J14: =AVERAGEIFS(ObservedDefoliations!J$2:J$700,ObservedDefoliations!$A$2:$A$700,$A14,ObservedDefoliations!$B$2:$B$700,$B14,ObservedDefoliations!$C$2:$C$700,$C14,ObservedDefoliations!$G$2:$G$700,$G14) -> 646.49 | K14: =SUMIFS(ObservedDefoliations!J$2:J$700,ObservedDefoliations!$A$2:$A$700,$A14,ObservedDefoliations!$B$2:$B$700,$B14,ObservedDefoliations!$C$2:$C$700,$C14,ObservedDefoliations!$G$2:$G$700,$G14) -> 6464.9
... A83: WinchmoreWaterMgmtIrrigated | B83: Whichmore | C83: Irrigated | D83: 3 | E83: 37772 | F83: =E83-DATE(YEAR(E83),1,0) -> 151 | G83: 2003 | H83: =COUNTIFS(ObservedDefoliations!$A$2:$A$700,$A83,ObservedDefoliations!$B$2:$B$700,$B83,ObservedDefoliations!$C$2:$C$700,$C83,ObservedDefoliations!$G$2:$G$700,$G83) -> 6 | I83: =AVERAGEIFS(ObservedDefoliations!$I$2:$I$700,ObservedDefoliations!$A$2:$A$700,$A83,ObservedDefoliations!$B$2:$B$700,$B83,ObservedDefoliations!$C$2:$C$700,$C83,ObservedDefoliations!$G$2:$G$700,$G83) -> 52.833333 | J83: =AVERAGEIFS(ObservedDefoliations!J$2:J$700,ObservedDefoliations!$A$2:$A$700,$A83,ObservedDefoliations!$B$2:$B$700,$B83,ObservedDefoliations!$C$2:$C$700,$C83,ObservedDefoliations!$G$2:$G$700,$G83) -> 1839.85 | K83: =SUMIFS(ObservedDefoliations!J$2:J$700,ObservedDefoliations!$A$2:$A$700,$A83,ObservedDefoliations!$B$2:$B$700,$B83,ObservedDefoliations!$C$2:$C$700,$C83,ObservedDefoliations!$G$2:$G$700,$G83) -> 11039.1

Sheet ObservedSpeciesData
A1: SimulationName | B1: Source | C1: ForageTreat | D1: Date | E1: Rep | F1: NRate | G1: GrowthSeason | H1: Season | I1: RegrowthRotation | J1: EvalStage | K1: ActualNRate | L1: AboveGroundWt_kgha | M1: AbovegroundWt | N1: HarvestedWt_kgha | O1: DefoliatedWt | P1: CumDefoliatedWt | Q1: Population | R1: WhiteCloverFraction | S1: OtherSpeciesFraction | T1: DeadMaterialFraction | U1: CloverContent | V1: ADF % | W1: WSC% | X1: DOMD% | Y1: NDF% | Z1: OM% | AA1: CP% | AB1: HerbageNConc | AC1: AbovegroundLive.NConc | AD1: ME | AE1: DMContent | AF1: LAI | AG1: LightExtinctionCoefficient | AH1: DefoliatedN | AI1: CumDefoliatedN | AJ1: Nvals
A2: FRNLLincolnWCloverNRate0 | B2: LU_GEdwards | C2: WhiteClover | D2: 41935 | E2: 1 | F2: 0 | G2: 2014/15 | H2: Spring | I2: 1 | J2: Harvest | K2: 0 | M2: =IF(ISNUMBER(L2),L2/10,"") | N2: 2178.8823 | O2: =IF(ISNUMBER(N2),N2/10,"") -> 217.88823 | P2: =IF(ISNUMBER(O2),SUMIFS(O$1:$O2,A$1:$A2,A2,C$1:$C2,C2,G$1:$G2,G2,E$1:$E2,E2),"") -> 217.88823 | U2: =IF(ISNUMBER(R2),R2/100,"") | V2: 19.739852 | W2: 13.138709 | X2: 75.190197 | Y2: 26.306177 | Z2: 87.529396 | AA2: 24.376532 | AB2: 0.039002451 | AC2: =IF(ISNUMBER(AB2),AB2,"") -> 0.039002451 | AD2: 12.030432 | AE2: 19.798498 | AH2: =IF(AND(ISNUMBER(AB2),ISNUMBER(O2)),ROUND(O2*AB2,3),"") -> 8.498 | AI2: =IF(ISNUMBER(AH2),SUMIFS($AH$1:AH2,$A$1:A2,A2,C$1:$C2,C2,$G$1:G2,G2,$E$1:E2,E2),"") -> 8.498 | AJ2: =COUNT(K2:AI2) -> 16
A3: FRNLLincolnWCloverNRate50 | B3: LU_GEdwards | C3: WhiteClover | D3: 41935 | E3: 1 | F3: 50 | G3: 2014/15 | H3: Spring | I3: 1 | J3: Harvest | K3: 45 | M3: =IF(ISNUMBER(L3),L3/10,"") | N3: 2200.2351 | O3: =IF(ISNUMBER(N3),N3/10,"") -> 220.02351 | P3: =IF(ISNUMBER(O3),SUMIFS(O$1:$O3,A$1:$A3,A3,C$1:$C3,C3,G$1:$G3,G3,E$1:$E3,E3),"") -> 220.02351 | U3: =IF(ISNUMBER(R3),R3/100,"") | V3: 19.165732 | W3: 14.484433 | X3: 77.041466 | Y3: 25.048759 | Z3: 89.065754 | AA3: 25.008219 | AB3: 0.04001315 | AC3: =IF(ISNUMBER(AB3),AB3,"") -> 0.04001315 | AD3: 12.326635 | AE3: 23.000246 | AH3: =IF(AND(ISNUMBER(AB3),ISNUMBER(O3)),ROUND(O3*AB3,3),"") -> 8.804 | AI3: =IF(ISNUMBER(AH3),SUMIFS($AH$1:AH3,$A$1:A3,A3,C$1:$C3,C3,$G$1:G3,G3,$E$1:E3,E3),"") -> 8.804 | AJ3: =COUNT(K3:AI3) -> 16
A4: FRNLLincolnWCloverNRate100 | B4: LU_GEdwards | C4: WhiteClover | D4: 41935 | E4: 1 | F4: 100 | G4: 2014/15 | H4: Spring | I4: 1 | J4: Harvest | K4: 78 | M4: =IF(ISNUMBER(L4),L4/10,"") | N4: 2790.4172 | O4: =IF(ISNUMBER(N4),N4/10,"") -> 279.04172 | P4: =IF(ISNUMBER(O4),SUMIFS(O$1:$O4,A$1:$A4,A4,C$1:$C4,C4,G$1:$G4,G4,E$1:$E4,E4),"") -> 279.04172 | U4: =IF(ISNUMBER(R4),R4/100,"") | V4: 18.411832 | W4: 14.453085 | X4: 79.648552 | Y4: 24.686691 | Z4: 89.387302 | AA4: 26.222234 | AB4: 0.041955574 | AC4: =IF(ISNUMBER(AB4),AB4,"") -> 0.041955574 | AD4: 12.743768 | AE4: 21.403769 | AH4: =IF(AND(ISNUMBER(AB4),ISNUMBER(O4)),ROUND(O4*AB4,3),"") -> 11.707 | AI4: =IF(ISNUMBER(AH4),SUMIFS($AH$1:AH4,$A$1:A4,A4,C$1:$C4,C4,$G$1:G4,G4,$E$1:E4,E4),"") -> 11.707 | AJ4: =COUNT(K4:AI4) -> 16
A5: FRNLLincolnWCloverNRate200 | B5: LU_GEdwards | C5: WhiteClover | D5: 41935 | E5: 1 | F5: 200 | G5: 2014/15 | H5: Spring | I5: 1 | J5: Harvest | K5: 156 | M5: =IF(ISNUMBER(L5),L5/10,"") | N5: 2287.3347 | O5: =IF(ISNUMBER(N5),N5/10,"") -> 228.73347 | P5: =IF(ISNUMBER(O5),SUMIFS(O$1:$O5,A$1:$A5,A5,C$1:$C5,C5,G$1:$G5,G5,E$1:$E5,E5),"") -> 228.73347 | U5: =IF(ISNUMBER(R5),R5/100,"") | V5: 19.089677 | W5: 12.664886 | X5: 77.250782 | Y5: 27.113443 | Z5: 87.804222 | AA5: 24.583626 | AB5: 0.039333801 | AC5: =IF(ISNUMBER(AB5),AB5,"") -> 0.039333801 | AD5: 12.360125 | AE5: 21.274915 | AH5: =IF(AND(ISNUMBER(AB5),ISNUMBER(O5)),ROUND(O5*AB5,3),"") -> 8.997 | AI5: =IF(ISNUMBER(AH5),SUMIFS($AH$1:AH5,$A$1:A5,A5,C$1:$C5,C5,$G$1:G5,G5,$E$1:E5,E5),"") -> 8.997 | AJ5: =COUNT(K5:AI5) -> 16
A6: FRNLLincolnWCloverNRate350 | B6: LU_GEdwards | C6: WhiteClover | D6: 41935 | E6: 1 | F6: 350 | G6: 2014/15 | H6: Spring | I6: 1 | J6: Harvest | K6: 272 | M6: =IF(ISNUMBER(L6),L6/10,"") | N6: 2765.0213 | O6: =IF(ISNUMBER(N6),N6/10,"") -> 276.50213 | P6: =IF(ISNUMBER(O6),SUMIFS(O$1:$O6,A$1:$A6,A6,C$1:$C6,C6,G$1:$G6,G6,E$1:$E6,E6),"") -> 276.50213 | U6: =IF(ISNUMBER(R6),R6/100,"") | V6: 20.203855 | W6: 13.726878 | X6: 74.569794 | Y6: 26.440729 | Z6: 87.497662 | AA6: 24.502426 | AB6: 0.039203882 | AC6: =IF(ISNUMBER(AB6),AB6,"") -> 0.039203882 | AD6: 11.931167 | AE6: 21.20897 | AH6: =IF(AND(ISNUMBER(AB6),ISNUMBER(O6)),ROUND(O6*AB6,3),"") -> 10.84 | AI6: =IF(ISNUMBER(AH6),SUMIFS($AH$1:AH6,$A$1:A6,A6,C$1:$C6,C6,$G$1:G6,G6,$E$1:E6,E6),"") -> 10.84 | AJ6: =COUNT(K6:AI6) -> 16
A7: FRNLLincolnWCloverNRate500 | B7: LU_GEdwards | C7: WhiteClover | D7: 41935 | E7: 1 | F7: 500 | G7: 2014/15 | H7: Spring | I7: 1 | J7: Harvest | K7: 389 | M7: =IF(ISNUMBER(L7),L7/10,"") | N7: 1988.989 | O7: =IF(ISNUMBER(N7),N7/10,"") -> 198.8989 | P7: =IF(ISNUMBER(O7),SUMIFS(O$1:$O7,A$1:$A7,A7,C$1:$C7,C7,G$1:$G7,G7,E$1:$E7,E7),"") -> 198.8989 | U7: =IF(ISNUMBER(R7),R7/100,"") | V7: 18.687765 | W7: 13.853703 | X7: 73.911346 | Y7: 23.858343 | Z7: 86.045147 | AA7: 25.431559 | AB7: 0.040690494 | AC7: =IF(ISNUMBER(AB7),AB7,"") -> 0.040690494 | AD7: 11.825815 | AE7: 22.376126 | AH7: =IF(AND(ISNUMBER(AB7),ISNUMBER(O7)),ROUND(O7*AB7,3),"") -> 8.093 | AI7: =IF(ISNUMBER(AH7),SUMIFS($AH$1:AH7,$A$1:A7,A7,C$1:$C7,C7,$G$1:G7,G7,$E$1:E7,E7),"") -> 8.093 | AJ7: =COUNT(K7:AI7) -> 16
A8: FRNLLincolnWCloverNRate0 | B8: LU_GEdwards | C8: WhiteClover | D8: 41935 | E8: 2 | F8: 0 | G8: 2014/15 | H8: Spring | I8: 1 | J8: Harvest | K8: 0 | M8: =IF(ISNUMBER(L8),L8/10,"") | N8: 3126.0664 | O8: =IF(ISNUMBER(N8),N8/10,"") -> 312.60664 | P8: =IF(ISNUMBER(O8),SUMIFS(O$1:$O8,A$1:$A8,A8,C$1:$C8,C8,G$1:$G8,G8,E$1:$E8,E8),"") -> 312.60664 | U8: =IF(ISNUMBER(R8),R8/100,"") | V8: 19.957661 | W8: 15.20559 | X8: 76.56329 | Y8: 25.311842 | Z8: 88.709183 | AA8: 24.452002 | AB8: 0.039123203 | AC8: =IF(ISNUMBER(AB8),AB8,"") -> 0.039123203 | AD8: 12.250126 | AE8: 21.594538 | AH8: =IF(AND(ISNUMBER(AB8),ISNUMBER(O8)),ROUND(O8*AB8,3),"") -> 12.23 | AI8: =IF(ISNUMBER(AH8),SUMIFS($AH$1:AH8,$A$1:A8,A8,C$1:$C8,C8,$G$1:G8,G8,$E$1:E8,E8),"") -> 12.23 | AJ8: =COUNT(K8:AI8) -> 16
A9: FRNLLincolnWCloverNRate50 | B9: LU_GEdwards | C9: WhiteClover | D9: 41935 | E9: 2 | F9: 50 | G9: 2014/15 | H9: Spring | I9: 1 | J9: Harvest | K9: 45 | M9: =IF(ISNUMBER(L9),L9/10,"") | N9: 2262.0483 | O9: =IF(ISNUMBER(N9),N9/10,"") -> 226.20483 | P9: =IF(ISNUMBER(O9),SUMIFS(O$1:$O9,A$1:$A9,A9,C$1:$C9,C9,G$1:$G9,G9,E$1:$E9,E9),"") -> 226.20483 | U9: =IF(ISNUMBER(R9),R9/100,"") | V9: 18.104444 | W9: 15.62025 | X9: 80.367287 | Y9: 22.437314 | Z9: 87.633572 | AA9: 26.471241 | AB9: 0.042353986 | AC9: =IF(ISNUMBER(AB9),AB9,"") -> 0.042353986 | AD9: 12.858766 | AE9: 10.688178 | AH9: =IF(AND(ISNUMBER(AB9),ISNUMBER(O9)),ROUND(O9*AB9,3),"") -> 9.581 | AI9: =IF(ISNUMBER(AH9),SUMIFS($AH$1:AH9,$A$1:A9,A9,C$1:$C9,C9,$G$1:G9,G9,$E$1:E9,E9),"") -> 9.581 | AJ9: =COUNT(K9:AI9) -> 16
A10: FRNLLincolnWCloverNRate100 | B10: LU_GEdwards | C10: WhiteClover | D10: 41935 | E10: 2 | F10: 100 | G10: 2014/15 | H10: Spring | I10: 1 | J10: Harvest | K10: 78 | M10: =IF(ISNUMBER(L10),L10/10,"") | N10: 2924.9096 | O10: =IF(ISNUMBER(N10),N10/10,"") -> 292.49096 | P10: =IF(ISNUMBER(O10),SUMIFS(O$1:$O10,A$1:$A10,A10,C$1:$C10,C10,G$1:$G10,G10,E$1:$E10,E10),"") -> 292.49096 | U10: =IF(ISNUMBER(R10),R10/100,"") | V10: 20.72374 | W10: 13.989011 | X10: 73.833725 | Y10: 24.792643 | Z10: 86.301624 | AA10: 24.667459 | AB10: 0.039467934 | AC10: =IF(ISNUMBER(AB10),AB10,"") -> 0.039467934 | AD10: 11.813396 | AE10: 18.467222 | AH10: =IF(AND(ISNUMBER(AB10),ISNUMBER(O10)),ROUND(O10*AB10,3),"") -> 11.544 | AI10: =IF(ISNUMBER(AH10),SUMIFS($AH$1:AH10,$A$1:A10,A10,C$1:$C10,C10,$G$1:G10,G10,$E$1:E10,E10),"") -> 11.544 | AJ10: =COUNT(K10:AI10) -> 16
A11: FRNLLincolnWCloverNRate200 | B11: LU_GEdwards | C11: WhiteClover | D11: 41935 | E11: 2 | F11: 200 | G11: 2014/15 | H11: Spring | I11: 1 | J11: Harvest | K11: 156 | M11: =IF(ISNUMBER(L11),L11/10,"") | N11: 2705.8871 | O11: =IF(ISNUMBER(N11),N11/10,"") -> 270.58871 | P11: =IF(ISNUMBER(O11),SUMIFS(O$1:$O11,A$1:$A11,A11,C$1:$C11,C11,G$1:$G11,G11,E$1:$E11,E11),"") -> 270.58871 | U11: =IF(ISNUMBER(R11),R11/100,"") | V11: 21.229415 | W11: 12.924916 | X11: 74.825493 | Y11: 28.910044 | Z11: 89.033913 | AA11: 22.603944 | AB11: 0.03616631 | AC11: =IF(ISNUMBER(AB11),AB11,"") -> 0.03616631 | AD11: 11.972079 | AE11: 21.308861 | AH11: =IF(AND(ISNUMBER(AB11),ISNUMBER(O11)),ROUND(O11*AB11,3),"") -> 9.786 | AI11: =IF(ISNUMBER(AH11),SUMIFS($AH$1:AH11,$A$1:A11,A11,C$1:$C11,C11,$G$1:G11,G11,$E$1:E11,E11),"") -> 9.786 | AJ11: =COUNT(K11:AI11) -> 16
A12: FRNLLincolnWCloverNRate350 | B12: LU_GEdwards | C12: WhiteClover | D12: 41935 | E12: 2 | F12: 350 | G12: 2014/15 | H12: Spring | I12: 1 | J12: Harvest | K12: 272 | M12: =IF(ISNUMBER(L12),L12/10,"") | N12: 2808.961 | O12: =IF(ISNUMBER(N12),N12/10,"") -> 280.8961 | P12: =IF(ISNUMBER(O12),SUMIFS(O$1:$O12,A$1:$A12,A12,C$1:$C12,C12,G$1:$G12,G12,E$1:$E12,E12),"") -> 280.8961 | U12: =IF(ISNUMBER(R12),R12/100,"") | V12: 18.615002 | W12: 13.636625 | X12: 78.319218 | Y12: 23.450175 | Z12: 87.184296 | AA12: 27.272281 | AB12: 0.043635649 | AC12: =IF(ISNUMBER(AB12),AB12,"") -> 0.043635649 | AD12: 12.531075 | AE12: 18.852757 | AH12: =IF(AND(ISNUMBER(AB12),ISNUMBER(O12)),ROUND(O12*AB12,3),"") -> 12.257 | AI12: =IF(ISNUMBER(AH12),SUMIFS($AH$1:AH12,$A$1:A12,A12,C$1:$C12,C12,$G$1:G12,G12,$E$1:E12,E12),"") -> 12.257 | AJ12: =COUNT(K12:AI12) -> 16
A13: FRNLLincolnWCloverNRate500 | B13: LU_GEdwards | C13: WhiteClover | D13: 41935 | E13: 2 | F13: 500 | G13: 2014/15 | H13: Spring | I13: 1 | J13: Harvest | K13: 389 | M13: =IF(ISNUMBER(L13),L13/10,"") | N13: 3184.5026 | O13: =IF(ISNUMBER(N13),N13/10,"") -> 318.45026 | P13: =IF(ISNUMBER(O13),SUMIFS(O$1:$O13,A$1:$A13,A13,C$1:$C13,C13,G$1:$G13,G13,E$1:$E13,E13),"") -> 318.45026 | U13: =IF(ISNUMBER(R13),R13/100,"") | V13: 18.876146 | W13: 13.349252 | X13: 78.489323 | Y13: 22.933174 | Z13: 87.503529 | AA13: 26.612138 | AB13: 0.04257942 | AC13: =IF(ISNUMBER(AB13),AB13,"") -> 0.04257942 | AD13: 12.558292 | AE13: 18.622246 | AH13: =IF(AND(ISNUMBER(AB13),ISNUMBER(O13)),ROUND(O13*AB13,3),"") -> 13.559 | AI13: =IF(ISNUMBER(AH13),SUMIFS($AH$1:AH13,$A$1:A13,A13,C$1:$C13,C13,$G$1:G13,G13,$E$1:E13,E13),"") -> 13.559 | AJ13: =COUNT(K13:AI13) -> 16
... A121: FRNLLincolnWCloverNRate500 | B121: LU_GEdwards | C121: WhiteClover | D121: 42073 | E121: 4 | F121: 500 | G121: 2014/15 | H121: Autumn | I121: 5 | J121: Harvest | K121: 389 | M121: =IF(ISNUMBER(L121),L121/10,"") | N121: 972.18769 | O121: =IF(ISNUMBER(N121),N121/10,"") -> 97.218769 | P121: =IF(ISNUMBER(O121),SUMIFS(O$1:$O121,A$1:$A121,A121,C$1:$C121,C121,G$1:$G121,G121,E$1:$E121,E121),"") -> 1014.1175 | U121: =IF(ISNUMBER(R121),R121/100,"") | V121: 20.161551 | W121: 10.350018 | X121: 76.825428 | Y121: 26.595083 | Z121: 91.079933 | AA121: 29.19156 | AB121: 0.046706496 | AC121: =IF(ISNUMBER(AB121),AB121,"") -> 0.046706496 | AD121: 12.292068 | AE121: 11.243759 | AH121: =IF(AND(ISNUMBER(AB121),ISNUMBER(O121)),ROUND(O121*AB121,3),"") -> 4.541 | AI121: =IF(ISNUMBER(AH121),SUMIFS($AH$1:AH121,$A$1:A121,A121,C$1:$C121,C121,$G$1:G121,G121,$E$1:E121,E121),"") -> 41.717 | AJ121: =COUNT(K121:AI121) -> 16
A122: FRNLLincolnWCloverNRate0 | B122: LU_GEdwards | C122: WhiteClover | D122: 42080 | E122: 1 | F122: 0 | G122: 2014/15 | H122: Autumn | I122: 6 | J122: Regrowth1 | K122: 0 | L122: 498 | M122: =IF(ISNUMBER(L122),L122/10,"") -> 49.8 | O122: =IF(ISNUMBER(N122),N122/10,"") | P122: =IF(ISNUMBER(O122),SUMIFS(O$1:$O122,A$1:$A122,A122,C$1:$C122,C122,G$1:$G122,G122,E$1:$E122,E122),"") | U122: =IF(ISNUMBER(R122),R122/100,"") | V122: 19.628527 | W122: 2.1829565 | X122: 76.069237 | Y122: 29.554585 | Z122: 89.595165 | AA122: 30.852488 | AB122: 0.04936398 | AC122: =IF(ISNUMBER(AB122),AB122,"") -> 0.04936398 | AD122: 12.171078 | AE122: 15.949238 | AH122: =IF(AND(ISNUMBER(AB122),ISNUMBER(O122)),ROUND(O122*AB122,3),"") | AI122: =IF(ISNUMBER(AH122),SUMIFS($AH$1:AH122,$A$1:A122,A122,C$1:$C122,C122,$G$1:G122,G122,$E$1:E122,E122),"") | AJ122: =COUNT(K122:AI122) -> 13
A123: FRNLLincolnWCloverNRate50 | B123: LU_GEdwards | C123: WhiteClover | D123: 42080 | E123: 1 | F123: 50 | G123: 2014/15 | H123: Autumn | I123: 6 | J123: Regrowth1 | K123: 45 | L123: 473.75 | M123: =IF(ISNUMBER(L123),L123/10,"") -> 47.375 | O123: =IF(ISNUMBER(N123),N123/10,"") | P123: =IF(ISNUMBER(O123),SUMIFS(O$1:$O123,A$1:$A123,A123,C$1:$C123,C123,G$1:$G123,G123,E$1:$E123,E123),"") | U123: =IF(ISNUMBER(R123),R123/100,"") | V123: 16.900266 | W123: 10.451205 | X123: 81.152626 | Y123: 21.495842 | Z123: 89.883469 | AA123: 33.395521 | AB123: 0.053432834 | AC123: =IF(ISNUMBER(AB123),AB123,"") -> 0.053432834 | AD123: 12.98442 | AE123: 15.234303 | AH123: =IF(AND(ISNUMBER(AB123),ISNUMBER(O123)),ROUND(O123*AB123,3),"") | AI123: =IF(ISNUMBER(AH123),SUMIFS($AH$1:AH123,$A$1:A123,A123,C$1:$C123,C123,$G$1:G123,G123,$E$1:E123,E123),"") | AJ123: =COUNT(K123:AI123) -> 13
A124: FRNLLincolnWCloverNRate100 | B124: LU_GEdwards | C124: WhiteClover | D124: 42080 | E124: 1 | F124: 100 | G124: 2014/15 | H124: Autumn | I124: 6 | J124: Regrowth1 | K124: 78 | L124: 467.25 | M124: =IF(ISNUMBER(L124),L124/10,"") -> 46.725 | O124: =IF(ISNUMBER(N124),N124/10,"") | P124: =IF(ISNUMBER(O124),SUMIFS(O$1:$O124,A$1:$A124,A124,C$1:$C124,C124,G$1:$G124,G124,E$1:$E124,E124),"") | U124: =IF(ISNUMBER(R124),R124/100,"") | V124: 17.756351 | W124: 7.2514451 | X124: 81.382877 | Y124: 26.071842 | Z124: 90.595482 | AA124: 32.401825 | AB124: 0.05184292 | AC124: =IF(ISNUMBER(AB124),AB124,"") -> 0.05184292 | AD124: 13.02126 | AE124: 15.917508 | AH124: =IF(AND(ISNUMBER(AB124),ISNUMBER(O124)),ROUND(O124*AB124,3),"") | AI124: =IF(ISNUMBER(AH124),SUMIFS($AH$1:AH124,$A$1:A124,A124,C$1:$C124,C124,$G$1:G124,G124,$E$1:E124,E124),"") | AJ124: =COUNT(K124:AI124) -> 13
A125: FRNLLincolnWCloverNRate200 | B125: LU_GEdwards | C125: WhiteClover | D125: 42080 | E125: 1 | F125: 200 | G125: 2014/15 | H125: Autumn | I125: 6 | J125: Regrowth1 | K125: 156 | L125: 528 | M125: =IF(ISNUMBER(L125),L125/10,"") -> 52.8 | O125: =IF(ISNUMBER(N125),N125/10,"") | P125: =IF(ISNUMBER(O125),SUMIFS(O$1:$O125,A$1:$A125,A125,C$1:$C125,C125,G$1:$G125,G125,E$1:$E125,E125),"") | U125: =IF(ISNUMBER(R125),R125/100,"") | V125: 16.863671 | W125: 10.491496 | X125: 81.931278 | Y125: 23.998362 | Z125: 90.496269 | AA125: 33.408249 | AB125: 0.053453198 | AC125: =IF(ISNUMBER(AB125),AB125,"") -> 0.053453198 | AD125: 13.109005 | AE125: 15.134531 | AH125: =IF(AND(ISNUMBER(AB125),ISNUMBER(O125)),ROUND(O125*AB125,3),"") | AI125: =IF(ISNUMBER(AH125),SUMIFS($AH$1:AH125,$A$1:A125,A125,C$1:$C125,C125,$G$1:G125,G125,$E$1:E125,E125),"") | AJ125: =COUNT(K125:AI125) -> 13
A126: FRNLLincolnWCloverNRate350 | B126: LU_GEdwards | C126: WhiteClover | D126: 42080 | E126: 1 | F126: 350 | G126: 2014/15 | H126: Autumn | I126: 6 | J126: Regrowth1 | K126: 272 | L126: 508.25 | M126: =IF(ISNUMBER(L126),L126/10,"") -> 50.825 | O126: =IF(ISNUMBER(N126),N126/10,"") | P126: =IF(ISNUMBER(O126),SUMIFS(O$1:$O126,A$1:$A126,A126,C$1:$C126,C126,G$1:$G126,G126,E$1:$E126,E126),"") | U126: =IF(ISNUMBER(R126),R126/100,"") | V126: 16.863572 | W126: 10.855157 | X126: 80.61216 | Y126: 21.708484 | Z126: 89.934898 | AA126: 33.825102 | AB126: 0.054120163 | AC126: =IF(ISNUMBER(AB126),AB126,"") -> 0.054120163 | AD126: 12.897946 | AE126: 15.691628 | AH126: =IF(AND(ISNUMBER(AB126),ISNUMBER(O126)),ROUND(O126*AB126,3),"") | AI126: =IF(ISNUMBER(AH126),SUMIFS($AH$1:AH126,$A$1:A126,A126,C$1:$C126,C126,$G$1:G126,G126,$E$1:E126,E126),"") | AJ126: =COUNT(K126:AI126) -> 13
A127: FRNLLincolnWCloverNRate500 | B127: LU_GEdwards | C127: WhiteClover | D127: 42080 | E127: 1 | F127: 500 | G127: 2014/15 | H127: Autumn | I127: 6 | J127: Regrowth1 | K127: 389 | L127: 469 | M127: =IF(ISNUMBER(L127),L127/10,"") -> 46.9 | O127: =IF(ISNUMBER(N127),N127/10,"") | P127: =IF(ISNUMBER(O127),SUMIFS(O$1:$O127,A$1:$A127,A127,C$1:$C127,C127,G$1:$G127,G127,E$1:$E127,E127),"") | U127: =IF(ISNUMBER(R127),R127/100,"") | V127: 15.356926 | W127: 11.899849 | X127: 78.154068 | Y127: 22.534362 | Z127: 87.963779 | AA127: 33.588228 | AB127: 0.053741165 | AC127: =IF(ISNUMBER(AB127),AB127,"") -> 0.053741165 | AD127: 12.504651 | AE127: 17.66658 | AH127: =IF(AND(ISNUMBER(AB127),ISNUMBER(O127)),ROUND(O127*AB127,3),"") | AI127: =IF(ISNUMBER(AH127),SUMIFS($AH$1:AH127,$A$1:A127,A127,C$1:$C127,C127,$G$1:G127,G127,$E$1:E127,E127),"") | AJ127: =COUNT(K127:AI127) -> 13
A128: FRNLLincolnWCloverNRate0 | B128: LU_GEdwards | C128: WhiteClover | D128: 42080 | E128: 2 | F128: 0 | G128: 2014/15 | H128: Autumn | I128: 6 | J128: Regrowth1 | K128: 0 | L128: 530 | M128: =IF(ISNUMBER(L128),L128/10,"") -> 53 | O128: =IF(ISNUMBER(N128),N128/10,"") | P128: =IF(ISNUMBER(O128),SUMIFS(O$1:$O128,A$1:$A128,A128,C$1:$C128,C128,G$1:$G128,G128,E$1:$E128,E128),"") | U128: =IF(ISNUMBER(R128),R128/100,"") | V128: 18.425397 | W128: 13.51401 | X128: 78.733158 | Y128: 23.453491 | Z128: 89.815506 | AA128: 28.138532 | AB128: 0.045021651 | AC128: =IF(ISNUMBER(AB128),AB128,"") -> 0.045021651 | AD128: 12.597305 | AE128: 14.475418 | AH128: =IF(AND(ISNUMBER(AB128),ISNUMBER(O128)),ROUND(O128*AB128,3),"") | AI128: =IF(ISNUMBER(AH128),SUMIFS($AH$1:AH128,$A$1:A128,A128,C$1:$C128,C128,$G$1:G128,G128,$E$1:E128,E128),"") | AJ128: =COUNT(K128:AI128) -> 13
A129: FRNLLincolnWCloverNRate50 | B129: LU_GEdwards | C129: WhiteClover | D129: 42080 | E129: 2 | F129: 50 | G129: 2014/15 | H129: Autumn | I129: 6 | J129: Regrowth1 | K129: 45 | L129: 563.25 | M129: =IF(ISNUMBER(L129),L129/10,"") -> 56.325 | O129: =IF(ISNUMBER(N129),N129/10,"") | P129: =IF(ISNUMBER(O129),SUMIFS(O$1:$O129,A$1:$A129,A129,C$1:$C129,C129,G$1:$G129,G129,E$1:$E129,E129),"") | U129: =IF(ISNUMBER(R129),R129/100,"") | V129: 20.649205 | W129: 12.308624 | X129: 76.193302 | Y129: 26.735147 | Z129: 89.126755 | AA129: 26.652925 | AB129: 0.042644679 | AC129: =IF(ISNUMBER(AB129),AB129,"") -> 0.042644679 | AD129: 12.190928 | AE129: 12.091494 | AH129: =IF(AND(ISNUMBER(AB129),ISNUMBER(O129)),ROUND(O129*AB129,3),"") | AI129: =IF(ISNUMBER(AH129),SUMIFS($AH$1:AH129,$A$1:A129,A129,C$1:$C129,C129,$G$1:G129,G129,$E$1:E129,E129),"") | AJ129: =COUNT(K129:AI129) -> 13
A130: FRNLLincolnWCloverNRate100 | B130: LU_GEdwards | C130: WhiteClover | D130: 42080 | E130: 2 | F130: 100 | G130: 2014/15 | H130: Autumn | I130: 6 | J130: Regrowth1 | K130: 78 | L130: 594.25 | M130: =IF(ISNUMBER(L130),L130/10,"") -> 59.425 | O130: =IF(ISNUMBER(N130),N130/10,"") | P130: =IF(ISNUMBER(O130),SUMIFS(O$1:$O130,A$1:$A130,A130,C$1:$C130,C130,G$1:$G130,G130,E$1:$E130,E130),"") | U130: =IF(ISNUMBER(R130),R130/100,"") | V130: 18.900747 | W130: 14.423878 | X130: 78.898094 | Y130: 23.98114 | Z130: 89.984741 | AA130: 28.049005 | AB130: 0.044878407 | AC130: =IF(ISNUMBER(AB130),AB130,"") -> 0.044878407 | AD130: 12.623695 | AE130: 13.483188 | AH130: =IF(AND(ISNUMBER(AB130),ISNUMBER(O130)),ROUND(O130*AB130,3),"") | AI130: =IF(ISNUMBER(AH130),SUMIFS($AH$1:AH130,$A$1:A130,A130,C$1:$C130,C130,$G$1:G130,G130,$E$1:E130,E130),"") | AJ130: =COUNT(K130:AI130) -> 13
A131: FRNLLincolnWCloverNRate200 | B131: LU_GEdwards | C131: WhiteClover | D131: 42080 | E131: 2 | F131: 200 | G131: 2014/15 | H131: Autumn | I131: 6 | J131: Regrowth1 | K131: 156 | L131: 477.25 | M131: =IF(ISNUMBER(L131),L131/10,"") -> 47.725 | O131: =IF(ISNUMBER(N131),N131/10,"") | P131: =IF(ISNUMBER(O131),SUMIFS(O$1:$O131,A$1:$A131,A131,C$1:$C131,C131,G$1:$G131,G131,E$1:$E131,E131),"") | U131: =IF(ISNUMBER(R131),R131/100,"") | V131: 18.138078 | W131: 11.775459 | X131: 79.621372 | Y131: 24.818106 | Z131: 89.89917 | AA131: 30.839515 | AB131: 0.049343224 | AC131: =IF(ISNUMBER(AB131),AB131,"") -> 0.049343224 | AD131: 12.73942 | AE131: 16.762851 | AH131: =IF(AND(ISNUMBER(AB131),ISNUMBER(O131)),ROUND(O131*AB131,3),"") | AI131: =IF(ISNUMBER(AH131),SUMIFS($AH$1:AH131,$A$1:A131,A131,C$1:$C131,C131,$G$1:G131,G131,$E$1:E131,E131),"") | AJ131: =COUNT(K131:AI131) -> 13
A132: FRNLLincolnWCloverNRate350 | B132: LU_GEdwards | C132: WhiteClover | D132: 42080 | E132: 2 | F132: 350 | G132: 2014/15 | H132: Autumn | I132: 6 | J132: Regrowth1 | K132: 272 | L132: 486.75 | M132: =IF(ISNUMBER(L132),L132/10,"") -> 48.675 | O132: =IF(ISNUMBER(N132),N132/10,"") | P132: =IF(ISNUMBER(O132),SUMIFS(O$1:$O132,A$1:$A132,A132,C$1:$C132,C132,G$1:$G132,G132,E$1:$E132,E132),"") | U132: =IF(ISNUMBER(R132),R132/100,"") | V132: 22.095999 | W132: 12.923505 | X132: 75.673668 | Y132: 28.458647 | Z132: 89.825111 | AA132: 26.454332 | AB132: 0.042326932 | AC132: =IF(ISNUMBER(AB132),AB132,"") -> 0.042326932 | AD132: 12.107787 | AE132: 12.108849 | AH132: =IF(AND(ISNUMBER(AB132),ISNUMBER(O132)),ROUND(O132*AB132,3),"") | AI132: =IF(ISNUMBER(AH132),SUMIFS($AH$1:AH132,$A$1:A132,A132,C$1:$C132,C132,$G$1:G132,G132,$E$1:E132,E132),"") | AJ132: =COUNT(K132:AI132) -> 13
A133: FRNLLincolnWCloverNRate500 | B133: LU_GEdwards | C133: WhiteClover | D133: 42080 | E133: 2 | F133: 500 | G133: 2014/15 | H133: Autumn | I133: 6 | J133: Regrowth1 | K133: 389 | L133: 568.75 | M133: =IF(ISNUMBER(L133),L133/10,"") -> 56.875 | O133: =IF(ISNUMBER(N133),N133/10,"") | P133: =IF(ISNUMBER(O133),SUMIFS(O$1:$O133,A$1:$A133,A133,C$1:$C133,C133,G$1:$G133,G133,E$1:$E133,E133),"") | U133: =IF(ISNUMBER(R133),R133/100,"") | V133: 18.700193 | W133: 13.77898 | X133: 78.955498 | Y133: 23.63382 | Z133: 90.022106 | AA133: 27.481823 | AB133: 0.043970917 | AC133: =IF(ISNUMBER(AB133),AB133,"") -> 0.043970917 | AD133: 12.63288 | AE133: 13.980271 | AH133: =IF(AND(ISNUMBER(AB133),ISNUMBER(O133)),ROUND(O133*AB133,3),"") | AI133: =IF(ISNUMBER(AH133),SUMIFS($AH$1:AH133,$A$1:A133,A133,C$1:$C133,C133,$G$1:G133,G133,$E$1:E133,E133),"") | AJ133: =COUNT(K133:AI133) -> 13
... A175: FRNLLincolnWCloverNRate500 | B175: LU_GEdwards | C175: WhiteClover | D175: 42101 | E175: 3 | F175: 500 | G175: 2014/15 | H175: Autumn | I175: 6 | J175: Regrowth4 | K175: 389 | L175: 1339.75 | M175: =IF(ISNUMBER(L175),L175/10,"") -> 133.975 | O175: =IF(ISNUMBER(N175),N175/10,"") | P175: =IF(ISNUMBER(O175),SUMIFS(O$1:$O175,A$1:$A175,A175,C$1:$C175,C175,G$1:$G175,G175,E$1:$E175,E175),"") | U175: =IF(ISNUMBER(R175),R175/100,"") | V175: 17.018896 | W175: 16.081336 | X175: 82.240479 | Y175: 21.418386 | Z175: 91.458584 | AA175: 29.086256 | AB175: 0.04653801 | AC175: =IF(ISNUMBER(AB175),AB175,"") -> 0.04653801 | AD175: 13.158477 | AE175: 13.067774 | AH175: =IF(AND(ISNUMBER(AB175),ISNUMBER(O175)),ROUND(O175*AB175,3),"") | AI175: =IF(ISNUMBER(AH175),SUMIFS($AH$1:AH175,$A$1:A175,A175,C$1:$C175,C175,$G$1:G175,G175,$E$1:E175,E175),"") | AJ175: =COUNT(K175:AI175) -> 13
A176: FRNLLincolnWCloverNRate0 | B176: LU_GEdwards | C176: WhiteClover | D176: 42110 | E176: 1 | F176: 0 | G176: 2014/15 | H176: Autumn | I176: 6 | J176: Harvest | K176: 0 | M176: =IF(ISNUMBER(L176),L176/10,"") | N176: 1083.5035 | O176: =IF(ISNUMBER(N176),N176/10,"") -> 108.35035 | P176: =IF(ISNUMBER(O176),SUMIFS(O$1:$O176,A$1:$A176,A176,C$1:$C176,C176,G$1:$G176,G176,E$1:$E176,E176),"") -> 1087.2836 | U176: =IF(ISNUMBER(R176),R176/100,"") | V176: 20.44535 | W176: 9.3043776 | X176: 75.209766 | Y176: 24.620693 | Z176: 89.898693 | AA176: 30.77492 | AB176: 0.049239871 | AC176: =IF(ISNUMBER(AB176),AB176,"") -> 0.049239871 | AD176: 12.033563 | AE176: 10.405598 | AH176: =IF(AND(ISNUMBER(AB176),ISNUMBER(O176)),ROUND(O176*AB176,3),"") -> 5.335 | AI176: =IF(ISNUMBER(AH176),SUMIFS($AH$1:AH176,$A$1:A176,A176,C$1:$C176,C176,$G$1:G176,G176,$E$1:E176,E176),"") -> 44.642 | AJ176: =COUNT(K176:AI176) -> 16
A177: FRNLLincolnWCloverNRate50 | B177: LU_GEdwards | C177: WhiteClover | D177: 42110 | E177: 1 | F177: 50 | G177: 2014/15 | H177: Autumn | I177: 6 | J177: Harvest | K177: 45 | M177: =IF(ISNUMBER(L177),L177/10,"") | N177: 1104.1407 | O177: =IF(ISNUMBER(N177),N177/10,"") -> 110.41407 | P177: =IF(ISNUMBER(O177),SUMIFS(O$1:$O177,A$1:$A177,A177,C$1:$C177,C177,G$1:$G177,G177,E$1:$E177,E177),"") -> 1076.6947 | U177: =IF(ISNUMBER(R177),R177/100,"") | V177: 19.042478 | W177: 10.764045 | X177: 78.827686 | Y177: 25.828547 | Z177: 90.888466 | AA177: 32.138273 | AB177: 0.051421237 | AC177: =IF(ISNUMBER(AB177),AB177,"") -> 0.051421237 | AD177: 12.61243 | AE177: 11.645234 | AH177: =IF(AND(ISNUMBER(AB177),ISNUMBER(O177)),ROUND(O177*AB177,3),"") -> 5.678 | AI177: =IF(ISNUMBER(AH177),SUMIFS($AH$1:AH177,$A$1:A177,A177,C$1:$C177,C177,$G$1:G177,G177,$E$1:E177,E177),"") -> 46.153 | AJ177: =COUNT(K177:AI177) -> 16
A178: FRNLLincolnWCloverNRate100 | B178: LU_GEdwards | C178: WhiteClover | D178: 42110 | E178: 1 | F178: 100 | G178: 2014/15 | H178: Autumn | I178: 6 | J178: Harvest | K178: 78 | M178: =IF(ISNUMBER(L178),L178/10,"") | N178: 1266.9391 | O178: =IF(ISNUMBER(N178),N178/10,"") -> 126.69391 | P178: =IF(ISNUMBER(O178),SUMIFS(O$1:$O178,A$1:$A178,A178,C$1:$C178,C178,G$1:$G178,G178,E$1:$E178,E178),"") -> 1335.5137 | U178: =IF(ISNUMBER(R178),R178/100,"") | V178: 19.318915 | W178: 10.72861 | X178: 78.514328 | Y178: 25.035749 | Z178: 90.862427 | AA178: 31.201976 | AB178: 0.049923161 | AC178: =IF(ISNUMBER(AB178),AB178,"") -> 0.049923161 | AD178: 12.562292 | AE178: 12.368362 | AH178: =IF(AND(ISNUMBER(AB178),ISNUMBER(O178)),ROUND(O178*AB178,3),"") -> 6.325 | AI178: =IF(ISNUMBER(AH178),SUMIFS($AH$1:AH178,$A$1:A178,A178,C$1:$C178,C178,$G$1:G178,G178,$E$1:E178,E178),"") -> 56.552 | AJ178: =COUNT(K178:AI178) -> 16
A179: FRNLLincolnWCloverNRate200 | B179: LU_GEdwards | C179: WhiteClover | D179: 42110 | E179: 1 | F179: 200 | G179: 2014/15 | H179: Autumn | I179: 6 | J179: Harvest | K179: 156 | M179: =IF(ISNUMBER(L179),L179/10,"") | N179: 1001.1478 | O179: =IF(ISNUMBER(N179),N179/10,"") -> 100.11478 | P179: =IF(ISNUMBER(O179),SUMIFS(O$1:$O179,A$1:$A179,A179,C$1:$C179,C179,G$1:$G179,G179,E$1:$E179,E179),"") -> 1114.8764 | U179: =IF(ISNUMBER(R179),R179/100,"") | V179: 18.257664 | W179: 10.500724 | X179: 79.110157 | Y179: 24.594675 | Z179: 89.997864 | AA179: 31.339259 | AB179: 0.050142815 | AC179: =IF(ISNUMBER(AB179),AB179,"") -> 0.050142815 | AD179: 12.657625 | AE179: 11.262912 | AH179: =IF(AND(ISNUMBER(AB179),ISNUMBER(O179)),ROUND(O179*AB179,3),"") -> 5.02 | AI179: =IF(ISNUMBER(AH179),SUMIFS($AH$1:AH179,$A$1:A179,A179,C$1:$C179,C179,$G$1:G179,G179,$E$1:E179,E179),"") -> 47.339 | AJ179: =COUNT(K179:AI179) -> 16
A180: FRNLLincolnWCloverNRate350 | B180: LU_GEdwards | C180: WhiteClover | D180: 42110 | E180: 1 | F180: 350 | G180: 2014/15 | H180: Autumn | I180: 6 | J180: Harvest | K180: 272 | M180: =IF(ISNUMBER(L180),L180/10,"") | N180: 1194.5114 | O180: =IF(ISNUMBER(N180),N180/10,"") -> 119.45114 | P180: =IF(ISNUMBER(O180),SUMIFS(O$1:$O180,A$1:$A180,A180,C$1:$C180,C180,G$1:$G180,G180,E$1:$E180,E180),"") -> 1287.6485 | U180: =IF(ISNUMBER(R180),R180/100,"") | V180: 17.909807 | W180: 12.082251 | X180: 79.747612 | Y180: 21.793322 | Z180: 90.893654 | AA180: 31.826083 | AB180: 0.050921733 | AC180: =IF(ISNUMBER(AB180),AB180,"") -> 0.050921733 | AD180: 12.759618 | AE180: 12.377339 | AH180: =IF(AND(ISNUMBER(AB180),ISNUMBER(O180)),ROUND(O180*AB180,3),"") -> 6.083 | AI180: =IF(ISNUMBER(AH180),SUMIFS($AH$1:AH180,$A$1:A180,A180,C$1:$C180,C180,$G$1:G180,G180,$E$1:E180,E180),"") -> 54.525 | AJ180: =COUNT(K180:AI180) -> 16
A181: FRNLLincolnWCloverNRate500 | B181: LU_GEdwards | C181: WhiteClover | D181: 42110 | E181: 1 | F181: 500 | G181: 2014/15 | H181: Autumn | I181: 6 | J181: Harvest | K181: 389 | M181: =IF(ISNUMBER(L181),L181/10,"") | N181: 810.03492 | O181: =IF(ISNUMBER(N181),N181/10,"") -> 81.003492 | P181: =IF(ISNUMBER(O181),SUMIFS(O$1:$O181,A$1:$A181,A181,C$1:$C181,C181,G$1:$G181,G181,E$1:$E181,E181),"") -> 954.85513 | U181: =IF(ISNUMBER(R181),R181/100,"") | V181: 19.359761 | W181: 8.6443906 | X181: 76.581593 | Y181: 25.885168 | Z181: 90.600121 | AA181: 32.437356 | AB181: 0.05189977 | AC181: =IF(ISNUMBER(AB181),AB181,"") -> 0.05189977 | AD181: 12.253055 | AE181: 11.13798 | AH181: =IF(AND(ISNUMBER(AB181),ISNUMBER(O181)),ROUND(O181*AB181,3),"") -> 4.204 | AI181: =IF(ISNUMBER(AH181),SUMIFS($AH$1:AH181,$A$1:A181,A181,C$1:$C181,C181,$G$1:G181,G181,$E$1:E181,E181),"") -> 38.15 | AJ181: =COUNT(K181:AI181) -> 16
A182: FRNLLincolnWCloverNRate0 | B182: LU_GEdwards | C182: WhiteClover | D182: 42110 | E182: 2 | F182: 0 | G182: 2014/15 | H182: Autumn | I182: 6 | J182: Harvest | K182: 0 | M182: =IF(ISNUMBER(L182),L182/10,"") | N182: 905.03535 | O182: =IF(ISNUMBER(N182),N182/10,"") -> 90.503535 | P182: =IF(ISNUMBER(O182),SUMIFS(O$1:$O182,A$1:$A182,A182,C$1:$C182,C182,G$1:$G182,G182,E$1:$E182,E182),"") -> 1198.4175 | U182: =IF(ISNUMBER(R182),R182/100,"") | V182: 18.41635 | W182: 12.073822 | X182: 79.57991 | Y182: 25.90333 | Z182: 90.704384 | AA182: 31.49838 | AB182: 0.050397408 | AC182: =IF(ISNUMBER(AB182),AB182,"") -> 0.050397408 | AD182: 12.732786 | AE182: 11.878589 | AH182: =IF(AND(ISNUMBER(AB182),ISNUMBER(O182)),ROUND(O182*AB182,3),"") -> 4.561 | AI182: =IF(ISNUMBER(AH182),SUMIFS($AH$1:AH182,$A$1:A182,A182,C$1:$C182,C182,$G$1:G182,G182,$E$1:E182,E182),"") -> 48.948 | AJ182: =COUNT(K182:AI182) -> 16
A183: FRNLLincolnWCloverNRate50 | B183: LU_GEdwards | C183: WhiteClover | D183: 42110 | E183: 2 | F183: 50 | G183: 2014/15 | H183: Autumn | I183: 6 | J183: Harvest | K183: 45 | M183: =IF(ISNUMBER(L183),L183/10,"") | N183: 1106.3964 | O183: =IF(ISNUMBER(N183),N183/10,"") -> 110.63964 | P183: =IF(ISNUMBER(O183),SUMIFS(O$1:$O183,A$1:$A183,A183,C$1:$C183,C183,G$1:$G183,G183,E$1:$E183,E183),"") -> 1225.8862 | U183: =IF(ISNUMBER(R183),R183/100,"") | V183: 18.312548 | W183: 12.390318 | X183: 80.904781 | Y183: 23.199978 | Z183: 90.28088 | AA183: 30.820584 | AB183: 0.049312935 | AC183: =IF(ISNUMBER(AB183),AB183,"") -> 0.049312935 | AD183: 12.944765 | AE183: 11.881188 | AH183: =IF(AND(ISNUMBER(AB183),ISNUMBER(O183)),ROUND(O183*AB183,3),"") -> 5.456 | AI183: =IF(ISNUMBER(AH183),SUMIFS($AH$1:AH183,$A$1:A183,A183,C$1:$C183,C183,$G$1:G183,G183,$E$1:E183,E183),"") -> 50.982 | AJ183: =COUNT(K183:AI183) -> 16
A184: FRNLLincolnWCloverNRate100 | B184: LU_GEdwards | C184: WhiteClover | D184: 42110 | E184: 2 | F184: 100 | G184: 2014/15 | H184: Autumn | I184: 6 | J184: Harvest | K184: 78 | M184: =IF(ISNUMBER(L184),L184/10,"") | N184: 958.55139 | O184: =IF(ISNUMBER(N184),N184/10,"") -> 95.855139 | P184: =IF(ISNUMBER(O184),SUMIFS(O$1:$O184,A$1:$A184,A184,C$1:$C184,C184,G$1:$G184,G184,E$1:$E184,E184),"") -> 1176.0184 | U184: =IF(ISNUMBER(R184),R184/100,"") | V184: 18.81282 | W184: 11.642881 | X184: 78.657314 | Y184: 25.284966 | Z184: 90.140705 | AA184: 29.357732 | AB184: 0.046972371 | AC184: =IF(ISNUMBER(AB184),AB184,"") -> 0.046972371 | AD184: 12.58517 | AE184: 13.634567 | AH184: =IF(AND(ISNUMBER(AB184),ISNUMBER(O184)),ROUND(O184*AB184,3),"") -> 4.503 | AI184: =IF(ISNUMBER(AH184),SUMIFS($AH$1:AH184,$A$1:A184,A184,C$1:$C184,C184,$G$1:G184,G184,$E$1:E184,E184),"") -> 45.863 | AJ184: =COUNT(K184:AI184) -> 16
A185: FRNLLincolnWCloverNRate200 | B185: LU_GEdwards | C185: WhiteClover | D185: 42110 | E185: 2 | F185: 200 | G185: 2014/15 | H185: Autumn | I185: 6 | J185: Harvest | K185: 156 | M185: =IF(ISNUMBER(L185),L185/10,"") | N185: 1009.5664 | O185: =IF(ISNUMBER(N185),N185/10,"") -> 100.95664 | P185: =IF(ISNUMBER(O185),SUMIFS(O$1:$O185,A$1:$A185,A185,C$1:$C185,C185,G$1:$G185,G185,E$1:$E185,E185),"") -> 1248.625 | U185: =IF(ISNUMBER(R185),R185/100,"") | V185: 19.238148 | W185: 12.683769 | X185: 79.373859 | Y185: 26.811281 | Z185: 90.98896 | AA185: 30.451676 | AB185: 0.048722682 | AC185: =IF(ISNUMBER(AB185),AB185,"") -> 0.048722682 | AD185: 12.699818 | AE185: 11.250475 | AH185: =IF(AND(ISNUMBER(AB185),ISNUMBER(O185)),ROUND(O185*AB185,3),"") -> 4.919 | AI185: =IF(ISNUMBER(AH185),SUMIFS($AH$1:AH185,$A$1:A185,A185,C$1:$C185,C185,$G$1:G185,G185,$E$1:E185,E185),"") -> 50.494 | AJ185: =COUNT(K185:AI185) -> 16
A186: FRNLLincolnWCloverNRate350 | B186: LU_GEdwards | C186: WhiteClover | D186: 42110 | E186: 2 | F186: 350 | G186: 2014/15 | H186: Autumn | I186: 6 | J186: Harvest | K186: 272 | M186: =IF(ISNUMBER(L186),L186/10,"") | N186: 910.23802 | O186: =IF(ISNUMBER(N186),N186/10,"") -> 91.023802 | P186: =IF(ISNUMBER(O186),SUMIFS(O$1:$O186,A$1:$A186,A186,C$1:$C186,C186,G$1:$G186,G186,E$1:$E186,E186),"") -> 1265.8413 | U186: =IF(ISNUMBER(R186),R186/100,"") | V186: 17.427291 | W186: 13.672369 | X186: 82.349159 | Y186: 24.61017 | Z186: 92.303097 | AA186: 32.290599 | AB186: 0.051664958 | AC186: =IF(ISNUMBER(AB186),AB186,"") -> 0.051664958 | AD186: 13.175865 | AE186: 11.687159 | AH186: =IF(AND(ISNUMBER(AB186),ISNUMBER(O186)),ROUND(O186*AB186,3),"") -> 4.703 | AI186: =IF(ISNUMBER(AH186),SUMIFS($AH$1:AH186,$A$1:A186,A186,C$1:$C186,C186,$G$1:G186,G186,$E$1:E186,E186),"") -> 52.953 | AJ186: =COUNT(K186:AI186) -> 16
A187: FRNLLincolnWCloverNRate500 | B187: LU_GEdwards | C187: WhiteClover | D187: 42110 | E187: 2 | F187: 500 | G187: 2014/15 | H187: Autumn | I187: 6 | J187: Harvest | K187: 389 | M187: =IF(ISNUMBER(L187),L187/10,"") | N187: 1203.2964 | O187: =IF(ISNUMBER(N187),N187/10,"") -> 120.32964 | P187: =IF(ISNUMBER(O187),SUMIFS(O$1:$O187,A$1:$A187,A187,C$1:$C187,C187,G$1:$G187,G187,E$1:$E187,E187),"") -> 1379.3795 | U187: =IF(ISNUMBER(R187),R187/100,"") | V187: 18.117456 | W187: 13.385537 | X187: 79.989746 | Y187: 25.542837 | Z187: 90.773239 | AA187: 30.260238 | AB187: 0.04841638 | AC187: =IF(ISNUMBER(AB187),AB187,"") -> 0.04841638 | AD187: 12.798359 | AE187: 11.018558 | AH187: =IF(AND(ISNUMBER(AB187),ISNUMBER(O187)),ROUND(O187*AB187,3),"") -> 5.826 | AI187: =IF(ISNUMBER(AH187),SUMIFS($AH$1:AH187,$A$1:A187,A187,C$1:$C187,C187,$G$1:G187,G187,$E$1:E187,E187),"") -> 57.885 | AJ187: =COUNT(K187:AI187) -> 16
... A247: FRNLLincolnWCloverNRate500 | B247: LU_GEdwards | C247: WhiteClover | D247: 42283 | E247: 4 | F247: 500 | G247: 2015/16 | H247: Spring | I247: 1 | J247: Harvest | K247: 389 | M247: =IF(ISNUMBER(L247),L247/10,"") | N247: 1917.0549 | O247: =IF(ISNUMBER(N247),N247/10,"") -> 191.70549 | P247: =IF(ISNUMBER(O247),SUMIFS(O$1:$O247,A$1:$A247,A247,C$1:$C247,C247,G$1:$G247,G247,E$1:$E247,E247),"") -> 191.70549 | U247: =IF(ISNUMBER(R247),R247/100,"") | V247: 18.717206 | W247: 13.58287 | X247: 78.0686 | Y247: 24.520387 | Z247: 89.575298 | AA247: 28.100048 | AB247: 0.044960077 | AC247: =IF(ISNUMBER(AB247),AB247,"") -> 0.044960077 | AD247: 12.490976 | AE247: 13.253383 | AH247: =IF(AND(ISNUMBER(AB247),ISNUMBER(O247)),ROUND(O247*AB247,3),"") -> 8.619 | AI247: =IF(ISNUMBER(AH247),SUMIFS($AH$1:AH247,$A$1:A247,A247,C$1:$C247,C247,$G$1:G247,G247,$E$1:E247,E247),"") -> 8.619 | AJ247: =COUNT(K247:AI247) -> 16
A248: FRNLLincolnWCloverNRate0 | B248: LU_GEdwards | C248: WhiteClover | D248: 42290 | E248: 1 | F248: 0 | G248: 2015/16 | H248: Spring | I248: 2 | J248: Regrowth1 | K248: 0 | L248: 587 | M248: =IF(ISNUMBER(L248),L248/10,"") -> 58.7 | O248: =IF(ISNUMBER(N248),N248/10,"") | P248: =IF(ISNUMBER(O248),SUMIFS(O$1:$O248,A$1:$A248,A248,C$1:$C248,C248,G$1:$G248,G248,E$1:$E248,E248),"") | U248: =IF(ISNUMBER(R248),R248/100,"") | V248: 18.294111 | W248: 13.579107 | X248: 78.500511 | Y248: 20.698895 | Z248: 88.317303 | AA248: 28.564481 | AB248: 0.045703169 | AC248: =IF(ISNUMBER(AB248),AB248,"") -> 0.045703169 | AD248: 12.560082 | AE248: 18.275462 | AH248: =IF(AND(ISNUMBER(AB248),ISNUMBER(O248)),ROUND(O248*AB248,3),"") | AI248: =IF(ISNUMBER(AH248),SUMIFS($AH$1:AH248,$A$1:A248,A248,C$1:$C248,C248,$G$1:G248,G248,$E$1:E248,E248),"") | AJ248: =COUNT(K248:AI248) -> 13
A249: FRNLLincolnWCloverNRate50 | B249: LU_GEdwards | C249: WhiteClover | D249: 42290 | E249: 1 | F249: 50 | G249: 2015/16 | H249: Spring | I249: 2 | J249: Regrowth1 | K249: 45 | L249: 550.25 | M249: =IF(ISNUMBER(L249),L249/10,"") -> 55.025 | O249: =IF(ISNUMBER(N249),N249/10,"") | P249: =IF(ISNUMBER(O249),SUMIFS(O$1:$O249,A$1:$A249,A249,C$1:$C249,C249,G$1:$G249,G249,E$1:$E249,E249),"") | U249: =IF(ISNUMBER(R249),R249/100,"") | V249: 16.988475 | W249: 13.901826 | X249: 81.44352 | Y249: 20.199549 | Z249: 89.843136 | AA249: 30.618177 | AB249: 0.048989084 | AC249: =IF(ISNUMBER(AB249),AB249,"") -> 0.048989084 | AD249: 13.030963 | AE249: 14.272859 | AH249: =IF(AND(ISNUMBER(AB249),ISNUMBER(O249)),ROUND(O249*AB249,3),"") | AI249: =IF(ISNUMBER(AH249),SUMIFS($AH$1:AH249,$A$1:A249,A249,C$1:$C249,C249,$G$1:G249,G249,$E$1:E249,E249),"") | AJ249: =COUNT(K249:AI249) -> 13
A250: FRNLLincolnWCloverNRate100 | B250: LU_GEdwards | C250: WhiteClover | D250: 42290 | E250: 1 | F250: 100 | G250: 2015/16 | H250: Spring | I250: 2 | J250: Regrowth1 | K250: 78 | L250: 584.5 | M250: =IF(ISNUMBER(L250),L250/10,"") -> 58.45 | O250: =IF(ISNUMBER(N250),N250/10,"") | P250: =IF(ISNUMBER(O250),SUMIFS(O$1:$O250,A$1:$A250,A250,C$1:$C250,C250,G$1:$G250,G250,E$1:$E250,E250),"") | U250: =IF(ISNUMBER(R250),R250/100,"") | V250: 16.766712 | W250: 12.516783 | X250: 80.989899 | Y250: 20.321064 | Z250: 89.227516 | AA250: 32.637739 | AB250: 0.052220383 | AC250: =IF(ISNUMBER(AB250),AB250,"") -> 0.052220383 | AD250: 12.958384 | AE250: 12.479407 | AH250: =IF(AND(ISNUMBER(AB250),ISNUMBER(O250)),ROUND(O250*AB250,3),"") | AI250: =IF(ISNUMBER(AH250),SUMIFS($AH$1:AH250,$A$1:A250,A250,C$1:$C250,C250,$G$1:G250,G250,$E$1:E250,E250),"") | AJ250: =COUNT(K250:AI250) -> 13
A251: FRNLLincolnWCloverNRate200 | B251: LU_GEdwards | C251: WhiteClover | D251: 42290 | E251: 1 | F251: 200 | G251: 2015/16 | H251: Spring | I251: 2 | J251: Regrowth1 | K251: 156 | L251: 656.75 | M251: =IF(ISNUMBER(L251),L251/10,"") -> 65.675 | O251: =IF(ISNUMBER(N251),N251/10,"") | P251: =IF(ISNUMBER(O251),SUMIFS(O$1:$O251,A$1:$A251,A251,C$1:$C251,C251,G$1:$G251,G251,E$1:$E251,E251),"") | U251: =IF(ISNUMBER(R251),R251/100,"") | V251: 16.530806 | W251: 13.110417 | X251: 81.704353 | Y251: 20.634713 | Z251: 89.692284 | AA251: 32.479002 | AB251: 0.051966403 | AC251: =IF(ISNUMBER(AB251),AB251,"") -> 0.051966403 | AD251: 13.072697 | AE251: 12.565131 | AH251: =IF(AND(ISNUMBER(AB251),ISNUMBER(O251)),ROUND(O251*AB251,3),"") | AI251: =IF(ISNUMBER(AH251),SUMIFS($AH$1:AH251,$A$1:A251,A251,C$1:$C251,C251,$G$1:G251,G251,$E$1:E251,E251),"") | AJ251: =COUNT(K251:AI251) -> 13
A252: FRNLLincolnWCloverNRate350 | B252: LU_GEdwards | C252: WhiteClover | D252: 42290 | E252: 1 | F252: 350 | G252: 2015/16 | H252: Spring | I252: 2 | J252: Regrowth1 | K252: 272 | L252: 638 | M252: =IF(ISNUMBER(L252),L252/10,"") -> 63.8 | O252: =IF(ISNUMBER(N252),N252/10,"") | P252: =IF(ISNUMBER(O252),SUMIFS(O$1:$O252,A$1:$A252,A252,C$1:$C252,C252,G$1:$G252,G252,E$1:$E252,E252),"") | U252: =IF(ISNUMBER(R252),R252/100,"") | V252: 16.56934 | W252: 14.497347 | X252: 77.102348 | Y252: 17.911331 | Z252: 86.432991 | AA252: 30.24857 | AB252: 0.048397713 | AC252: =IF(ISNUMBER(AB252),AB252,"") -> 0.048397713 | AD252: 12.336376 | AE252: 14.953333 | AH252: =IF(AND(ISNUMBER(AB252),ISNUMBER(O252)),ROUND(O252*AB252,3),"") | AI252: =IF(ISNUMBER(AH252),SUMIFS($AH$1:AH252,$A$1:A252,A252,C$1:$C252,C252,$G$1:G252,G252,$E$1:E252,E252),"") | AJ252: =COUNT(K252:AI252) -> 13
A253: FRNLLincolnWCloverNRate500 | B253: LU_GEdwards | C253: WhiteClover | D253: 42290 | E253: 1 | F253: 500 | G253: 2015/16 | H253: Spring | I253: 2 | J253: Regrowth1 | K253: 389 | L253: 570 | M253: =IF(ISNUMBER(L253),L253/10,"") -> 57 | O253: =IF(ISNUMBER(N253),N253/10,"") | P253: =IF(ISNUMBER(O253),SUMIFS(O$1:$O253,A$1:$A253,A253,C$1:$C253,C253,G$1:$G253,G253,E$1:$E253,E253),"") | U253: =IF(ISNUMBER(R253),R253/100,"") | V253: 19.461522 | W253: 11.590672 | X253: 78.039547 | Y253: 23.179201 | Z253: 89.065411 | AA253: 28.698496 | AB253: 0.045917593 | AC253: =IF(ISNUMBER(AB253),AB253,"") -> 0.045917593 | AD253: 12.486328 | AE253: 13.697552 | AH253: =IF(AND(ISNUMBER(AB253),ISNUMBER(O253)),ROUND(O253*AB253,3),"") | AI253: =IF(ISNUMBER(AH253),SUMIFS($AH$1:AH253,$A$1:A253,A253,C$1:$C253,C253,$G$1:G253,G253,$E$1:E253,E253),"") | AJ253: =COUNT(K253:AI253) -> 13
A254: FRNLLincolnWCloverNRate0 | B254: LU_GEdwards | C254: WhiteClover | D254: 42290 | E254: 2 | F254: 0 | G254: 2015/16 | H254: Spring | I254: 2 | J254: Regrowth1 | K254: 0 | L254: 556.75 | M254: =IF(ISNUMBER(L254),L254/10,"") -> 55.675 | O254: =IF(ISNUMBER(N254),N254/10,"") | P254: =IF(ISNUMBER(O254),SUMIFS(O$1:$O254,A$1:$A254,A254,C$1:$C254,C254,G$1:$G254,G254,E$1:$E254,E254),"") | U254: =IF(ISNUMBER(R254),R254/100,"") | V254: 15.487637 | W254: 13.607875 | X254: 83.090549 | Y254: 20.200818 | Z254: 89.839806 | AA254: 34.384987 | AB254: 0.055015979 | AC254: =IF(ISNUMBER(AB254),AB254,"") -> 0.055015979 | AD254: 13.294488 | AE254: 15.742752 | AH254: =IF(AND(ISNUMBER(AB254),ISNUMBER(O254)),ROUND(O254*AB254,3),"") | AI254: =IF(ISNUMBER(AH254),SUMIFS($AH$1:AH254,$A$1:A254,A254,C$1:$C254,C254,$G$1:G254,G254,$E$1:E254,E254),"") | AJ254: =COUNT(K254:AI254) -> 13
A255: FRNLLincolnWCloverNRate50 | B255: LU_GEdwards | C255: WhiteClover | D255: 42290 | E255: 2 | F255: 50 | G255: 2015/16 | H255: Spring | I255: 2 | J255: Regrowth1 | K255: 45 | L255: 523.75 | M255: =IF(ISNUMBER(L255),L255/10,"") -> 52.375 | O255: =IF(ISNUMBER(N255),N255/10,"") | P255: =IF(ISNUMBER(O255),SUMIFS(O$1:$O255,A$1:$A255,A255,C$1:$C255,C255,G$1:$G255,G255,E$1:$E255,E255),"") | U255: =IF(ISNUMBER(R255),R255/100,"") | V255: 16.466926 | W255: 14.845871 | X255: 83.751656 | Y255: 19.334752 | Z255: 90.746487 | AA255: 31.254554 | AB255: 0.050007286 | AC255: =IF(ISNUMBER(AB255),AB255,"") -> 0.050007286 | AD255: 13.400265 | AE255: 16.736885 | AH255: =IF(AND(ISNUMBER(AB255),ISNUMBER(O255)),ROUND(O255*AB255,3),"") | AI255: =IF(ISNUMBER(AH255),SUMIFS($AH$1:AH255,$A$1:A255,A255,C$1:$C255,C255,$G$1:G255,G255,$E$1:E255,E255),"") | AJ255: =COUNT(K255:AI255) -> 13
A256: FRNLLincolnWCloverNRate100 | B256: LU_GEdwards | C256: WhiteClover | D256: 42290 | E256: 2 | F256: 100 | G256: 2015/16 | H256: Spring | I256: 2 | J256: Regrowth1 | K256: 78 | L256: 564.5 | M256: =IF(ISNUMBER(L256),L256/10,"") -> 56.45 | O256: =IF(ISNUMBER(N256),N256/10,"") | P256: =IF(ISNUMBER(O256),SUMIFS(O$1:$O256,A$1:$A256,A256,C$1:$C256,C256,G$1:$G256,G256,E$1:$E256,E256),"") | U256: =IF(ISNUMBER(R256),R256/100,"") | V256: 16.365618 | W256: 13.558258 | X256: 83.292191 | Y256: 20.749855 | Z256: 90.261944 | AA256: 32.451061 | AB256: 0.051921698 | AC256: =IF(ISNUMBER(AB256),AB256,"") -> 0.051921698 | AD256: 13.32675 | AE256: 15.26731 | AH256: =IF(AND(ISNUMBER(AB256),ISNUMBER(O256)),ROUND(O256*AB256,3),"") | AI256: =IF(ISNUMBER(AH256),SUMIFS($AH$1:AH256,$A$1:A256,A256,C$1:$C256,C256,$G$1:G256,G256,$E$1:E256,E256),"") | AJ256: =COUNT(K256:AI256) -> 13
A257: FRNLLincolnWCloverNRate200 | B257: LU_GEdwards | C257: WhiteClover | D257: 42290 | E257: 2 | F257: 200 | G257: 2015/16 | H257: Spring | I257: 2 | J257: Regrowth1 | K257: 156 | L257: 534 | M257: =IF(ISNUMBER(L257),L257/10,"") -> 53.4 | O257: =IF(ISNUMBER(N257),N257/10,"") | P257: =IF(ISNUMBER(O257),SUMIFS(O$1:$O257,A$1:$A257,A257,C$1:$C257,C257,G$1:$G257,G257,E$1:$E257,E257),"") | U257: =IF(ISNUMBER(R257),R257/100,"") | V257: 16.601806 | W257: 13.738799 | X257: 82.744713 | Y257: 20.144627 | Z257: 90.400299 | AA257: 32.739544 | AB257: 0.05238327 | AC257: =IF(ISNUMBER(AB257),AB257,"") -> 0.05238327 | AD257: 13.239154 | AE257: 16.607407 | AH257: =IF(AND(ISNUMBER(AB257),ISNUMBER(O257)),ROUND(O257*AB257,3),"") | AI257: =IF(ISNUMBER(AH257),SUMIFS($AH$1:AH257,$A$1:A257,A257,C$1:$C257,C257,$G$1:G257,G257,$E$1:E257,E257),"") | AJ257: =COUNT(K257:AI257) -> 13
A258: FRNLLincolnWCloverNRate350 | B258: LU_GEdwards | C258: WhiteClover | D258: 42290 | E258: 2 | F258: 350 | G258: 2015/16 | H258: Spring | I258: 2 | J258: Regrowth1 | K258: 272 | L258: 498.5 | M258: =IF(ISNUMBER(L258),L258/10,"") -> 49.85 | O258: =IF(ISNUMBER(N258),N258/10,"") | P258: =IF(ISNUMBER(O258),SUMIFS(O$1:$O258,A$1:$A258,A258,C$1:$C258,C258,G$1:$G258,G258,E$1:$E258,E258),"") | U258: =IF(ISNUMBER(R258),R258/100,"") | V258: 15.55596 | W258: 13.0603 | X258: 83.441948 | Y258: 19.096623 | Z258: 89.949951 | AA258: 32.837509 | AB258: 0.052540015 | AC258: =IF(ISNUMBER(AB258),AB258,"") -> 0.052540015 | AD258: 13.350712 | AE258: 15.342337 | AH258: =IF(AND(ISNUMBER(AB258),ISNUMBER(O258)),ROUND(O258*AB258,3),"") | AI258: =IF(ISNUMBER(AH258),SUMIFS($AH$1:AH258,$A$1:A258,A258,C$1:$C258,C258,$G$1:G258,G258,$E$1:E258,E258),"") | AJ258: =COUNT(K258:AI258) -> 13
A259: FRNLLincolnWCloverNRate500 | B259: LU_GEdwards | C259: WhiteClover | D259: 42290 | E259: 2 | F259: 500 | G259: 2015/16 | H259: Spring | I259: 2 | J259: Regrowth1 | K259: 389 | L259: 530.75 | M259: =IF(ISNUMBER(L259),L259/10,"") -> 53.075 | O259: =IF(ISNUMBER(N259),N259/10,"") | P259: =IF(ISNUMBER(O259),SUMIFS(O$1:$O259,A$1:$A259,A259,C$1:$C259,C259,G$1:$G259,G259,E$1:$E259,E259),"") | U259: =IF(ISNUMBER(R259),R259/100,"") | V259: 14.927516 | W259: 13.374743 | X259: 84.800537 | Y259: 17.75806 | Z259: 90.166401 | AA259: 35.526524 | AB259: 0.056842438 | AC259: =IF(ISNUMBER(AB259),AB259,"") -> 0.056842438 | AD259: 13.568086 | AE259: 16.046132 | AH259: =IF(AND(ISNUMBER(AB259),ISNUMBER(O259)),ROUND(O259*AB259,3),"") | AI259: =IF(ISNUMBER(AH259),SUMIFS($AH$1:AH259,$A$1:A259,A259,C$1:$C259,C259,$G$1:G259,G259,$E$1:E259,E259),"") | AJ259: =COUNT(K259:AI259) -> 13
... A283: FRNLLincolnWCloverNRate500 | B283: LU_GEdwards | C283: WhiteClover | D283: 42304 | E283: 3 | F283: 500 | G283: 2015/16 | H283: Spring | I283: 2 | J283: Regrowth3 | K283: 389 | L283: 1328.5 | M283: =IF(ISNUMBER(L283),L283/10,"") -> 132.85 | O283: =IF(ISNUMBER(N283),N283/10,"") | P283: =IF(ISNUMBER(O283),SUMIFS(O$1:$O283,A$1:$A283,A283,C$1:$C283,C283,G$1:$G283,G283,E$1:$E283,E283),"") | U283: =IF(ISNUMBER(R283),R283/100,"") | V283: 15.92923 | W283: 16.077887 | X283: 82.183197 | Y283: 17.311476 | Z283: 90.063683 | AA283: 32.029006 | AB283: 0.05124641 | AC283: =IF(ISNUMBER(AB283),AB283,"") -> 0.05124641 | AD283: 13.149312 | AE283: 11.620138 | AH283: =IF(AND(ISNUMBER(AB283),ISNUMBER(O283)),ROUND(O283*AB283,3),"") | AI283: =IF(ISNUMBER(AH283),SUMIFS($AH$1:AH283,$A$1:A283,A283,C$1:$C283,C283,$G$1:G283,G283,$E$1:E283,E283),"") | AJ283: =COUNT(K283:AI283) -> 13
A284: FRNLLincolnWCloverNRate0 | B284: LU_GEdwards | C284: WhiteClover | D284: 42324 | E284: 1 | F284: 0 | G284: 2015/16 | H284: Spring | I284: 2 | J284: Harvest | K284: 0 | M284: =IF(ISNUMBER(L284),L284/10,"") | N284: 1901.7724 | O284: =IF(ISNUMBER(N284),N284/10,"") -> 190.17724 | P284: =IF(ISNUMBER(O284),SUMIFS(O$1:$O284,A$1:$A284,A284,C$1:$C284,C284,G$1:$G284,G284,E$1:$E284,E284),"") -> 297.81707 | U284: =IF(ISNUMBER(R284),R284/100,"") | V284: 20.086917 | W284: 16.550925 | X284: 74.993488 | Y284: 23.097036 | Z284: 88.505344 | AA284: 23.725784 | AB284: 0.037961255 | AC284: =IF(ISNUMBER(AB284),AB284,"") -> 0.037961255 | AD284: 11.998958 | AE284: 12.013201 | AH284: =IF(AND(ISNUMBER(AB284),ISNUMBER(O284)),ROUND(O284*AB284,3),"") -> 7.219 | AI284: =IF(ISNUMBER(AH284),SUMIFS($AH$1:AH284,$A$1:A284,A284,C$1:$C284,C284,$G$1:G284,G284,$E$1:E284,E284),"") -> 12.054 | AJ284: =COUNT(K284:AI284) -> 16
A285: FRNLLincolnWCloverNRate50 | B285: LU_GEdwards | C285: WhiteClover | D285: 42324 | E285: 1 | F285: 50 | G285: 2015/16 | H285: Spring | I285: 2 | J285: Harvest | K285: 45 | M285: =IF(ISNUMBER(L285),L285/10,"") | N285: 1895.4335 | O285: =IF(ISNUMBER(N285),N285/10,"") -> 189.54335 | P285: =IF(ISNUMBER(O285),SUMIFS(O$1:$O285,A$1:$A285,A285,C$1:$C285,C285,G$1:$G285,G285,E$1:$E285,E285),"") -> 308.51826 | U285: =IF(ISNUMBER(R285),R285/100,"") | V285: 19.114654 | W285: 15.97848 | X285: 77.690487 | Y285: 24.288094 | Z285: 88.735191 | AA285: 24.377456 | AB285: 0.039003929 | AC285: =IF(ISNUMBER(AB285),AB285,"") -> 0.039003929 | AD285: 12.430478 | AE285: 12.508273 | AH285: =IF(AND(ISNUMBER(AB285),ISNUMBER(O285)),ROUND(O285*AB285,3),"") -> 7.393 | AI285: =IF(ISNUMBER(AH285),SUMIFS($AH$1:AH285,$A$1:A285,A285,C$1:$C285,C285,$G$1:G285,G285,$E$1:E285,E285),"") -> 12.792 | AJ285: =COUNT(K285:AI285) -> 16
A286: FRNLLincolnWCloverNRate100 | B286: LU_GEdwards | C286: WhiteClover | D286: 42324 | E286: 1 | F286: 100 | G286: 2015/16 | H286: Spring | I286: 2 | J286: Harvest | K286: 78 | M286: =IF(ISNUMBER(L286),L286/10,"") | N286: 1901.2207 | O286: =IF(ISNUMBER(N286),N286/10,"") -> 190.12207 | P286: =IF(ISNUMBER(O286),SUMIFS(O$1:$O286,A$1:$A286,A286,C$1:$C286,C286,G$1:$G286,G286,E$1:$E286,E286),"") -> 258.29591 | U286: =IF(ISNUMBER(R286),R286/100,"") | V286: 19.507958 | W286: 15.144731 | X286: 76.990402 | Y286: 24.219179 | Z286: 89.476963 | AA286: 24.595411 | AB286: 0.039352658 | AC286: =IF(ISNUMBER(AB286),AB286,"") -> 0.039352658 | AD286: 12.318464 | AE286: 14.124635 | AH286: =IF(AND(ISNUMBER(AB286),ISNUMBER(O286)),ROUND(O286*AB286,3),"") -> 7.482 | AI286: =IF(ISNUMBER(AH286),SUMIFS($AH$1:AH286,$A$1:A286,A286,C$1:$C286,C286,$G$1:G286,G286,$E$1:E286,E286),"") -> 10.68 | AJ286: =COUNT(K286:AI286) -> 16
A287: FRNLLincolnWCloverNRate200 | B287: LU_GEdwards | C287: WhiteClover | D287: 42324 | E287: 1 | F287: 200 | G287: 2015/16 | H287: Spring | I287: 2 | J287: Harvest | K287: 156 | M287: =IF(ISNUMBER(L287),L287/10,"") | N287: 2041.9948 | O287: =IF(ISNUMBER(N287),N287/10,"") -> 204.19948 | P287: =IF(ISNUMBER(O287),SUMIFS(O$1:$O287,A$1:$A287,A287,C$1:$C287,C287,G$1:$G287,G287,E$1:$E287,E287),"") -> 333.24552 | U287: =IF(ISNUMBER(R287),R287/100,"") | V287: 18.52495 | W287: 17.257504 | X287: 79.191776 | Y287: 24.642517 | Z287: 90.358974 | AA287: 25.89738 | AB287: 0.041435808 | AC287: =IF(ISNUMBER(AB287),AB287,"") -> 0.041435808 | AD287: 12.670684 | AE287: 12.433538 | AH287: =IF(AND(ISNUMBER(AB287),ISNUMBER(O287)),ROUND(O287*AB287,3),"") -> 8.461 | AI287: =IF(ISNUMBER(AH287),SUMIFS($AH$1:AH287,$A$1:A287,A287,C$1:$C287,C287,$G$1:G287,G287,$E$1:E287,E287),"") -> 14.651 | AJ287: =COUNT(K287:AI287) -> 16
A288: FRNLLincolnWCloverNRate350 | B288: LU_GEdwards | C288: WhiteClover | D288: 42324 | E288: 1 | F288: 350 | G288: 2015/16 | H288: Spring | I288: 2 | J288: Harvest | K288: 272 | M288: =IF(ISNUMBER(L288),L288/10,"") | N288: 1883.5075 | O288: =IF(ISNUMBER(N288),N288/10,"") -> 188.35075 | P288: =IF(ISNUMBER(O288),SUMIFS(O$1:$O288,A$1:$A288,A288,C$1:$C288,C288,G$1:$G288,G288,E$1:$E288,E288),"") -> 319.97797 | U288: =IF(ISNUMBER(R288),R288/100,"") | V288: 18.073154 | W288: 15.928878 | X288: 79.686996 | Y288: 24.692159 | Z288: 90.027954 | AA288: 26.954388 | AB288: 0.04312702 | AC288: =IF(ISNUMBER(AB288),AB288,"") -> 0.04312702 | AD288: 12.749919 | AE288: 13.165049 | AH288: =IF(AND(ISNUMBER(AB288),ISNUMBER(O288)),ROUND(O288*AB288,3),"") -> 8.123 | AI288: =IF(ISNUMBER(AH288),SUMIFS($AH$1:AH288,$A$1:A288,A288,C$1:$C288,C288,$G$1:G288,G288,$E$1:E288,E288),"") -> 14.101 | AJ288: =COUNT(K288:AI288) -> 16
A289: FRNLLincolnWCloverNRate500 | B289: LU_GEdwards | C289: WhiteClover | D289: 42324 | E289: 1 | F289: 500 | G289: 2015/16 | H289: Spring | I289: 2 | J289: Harvest | K289: 389 | M289: =IF(ISNUMBER(L289),L289/10,"") | N289: 2023.6954 | O289: =IF(ISNUMBER(N289),N289/10,"") -> 202.36954 | P289: =IF(ISNUMBER(O289),SUMIFS(O$1:$O289,A$1:$A289,A289,C$1:$C289,C289,G$1:$G289,G289,E$1:$E289,E289),"") -> 385.26814 | U289: =IF(ISNUMBER(R289),R289/100,"") | V289: 19.853324 | W289: 16.262417 | X289: 75.664665 | Y289: 25.758884 | Z289: 88.143333 | AA289: 23.887833 | AB289: 0.038220532 | AC289: =IF(ISNUMBER(AB289),AB289,"") -> 0.038220532 | AD289: 12.106346 | AE289: 12.521615 | AH289: =IF(AND(ISNUMBER(AB289),ISNUMBER(O289)),ROUND(O289*AB289,3),"") -> 7.735 | AI289: =IF(ISNUMBER(AH289),SUMIFS($AH$1:AH289,$A$1:A289,A289,C$1:$C289,C289,$G$1:G289,G289,$E$1:E289,E289),"") -> 15.951 | AJ289: =COUNT(K289:AI289) -> 16
A290: FRNLLincolnWCloverNRate0 | B290: LU_GEdwards | C290: WhiteClover | D290: 42324 | E290: 2 | F290: 0 | G290: 2015/16 | H290: Spring | I290: 2 | J290: Harvest | K290: 0 | M290: =IF(ISNUMBER(L290),L290/10,"") | N290: 1990.3141 | O290: =IF(ISNUMBER(N290),N290/10,"") -> 199.03141 | P290: =IF(ISNUMBER(O290),SUMIFS(O$1:$O290,A$1:$A290,A290,C$1:$C290,C290,G$1:$G290,G290,E$1:$E290,E290),"") -> 351.7646 | U290: =IF(ISNUMBER(R290),R290/100,"") | V290: 18.492798 | W290: 16.794101 | X290: 80.066868 | Y290: 25.240267 | Z290: 90.147373 | AA290: 26.264327 | AB290: 0.042022923 | AC290: =IF(ISNUMBER(AB290),AB290,"") -> 0.042022923 | AD290: 12.810699 | AE290: 13.668945 | AH290: =IF(AND(ISNUMBER(AB290),ISNUMBER(O290)),ROUND(O290*AB290,3),"") -> 8.364 | AI290: =IF(ISNUMBER(AH290),SUMIFS($AH$1:AH290,$A$1:A290,A290,C$1:$C290,C290,$G$1:G290,G290,$E$1:E290,E290),"") -> 15.81 | AJ290: =COUNT(K290:AI290) -> 16
A291: FRNLLincolnWCloverNRate50 | B291: LU_GEdwards | C291: WhiteClover | D291: 42324 | E291: 2 | F291: 50 | G291: 2015/16 | H291: Spring | I291: 2 | J291: Harvest | K291: 45 | M291: =IF(ISNUMBER(L291),L291/10,"") | N291: 1929.5081 | O291: =IF(ISNUMBER(N291),N291/10,"") -> 192.95081 | P291: =IF(ISNUMBER(O291),SUMIFS(O$1:$O291,A$1:$A291,A291,C$1:$C291,C291,G$1:$G291,G291,E$1:$E291,E291),"") -> 384.48689 | U291: =IF(ISNUMBER(R291),R291/100,"") | V291: 17.853631 | W291: 18.136238 | X291: 81.000134 | Y291: 24.03894 | Z291: 89.865948 | AA291: 25.853937 | AB291: 0.041366299 | AC291: =IF(ISNUMBER(AB291),AB291,"") -> 0.041366299 | AD291: 12.960021 | AE291: 13.566854 | AH291: =IF(AND(ISNUMBER(AB291),ISNUMBER(O291)),ROUND(O291*AB291,3),"") -> 7.982 | AI291: =IF(ISNUMBER(AH291),SUMIFS($AH$1:AH291,$A$1:A291,A291,C$1:$C291,C291,$G$1:G291,G291,$E$1:E291,E291),"") -> 16.895 | AJ291: =COUNT(K291:AI291) -> 16
A292: FRNLLincolnWCloverNRate100 | B292: LU_GEdwards | C292: WhiteClover | D292: 42324 | E292: 2 | F292: 100 | G292: 2015/16 | H292: Spring | I292: 2 | J292: Harvest | K292: 78 | M292: =IF(ISNUMBER(L292),L292/10,"") | N292: 2414.3302 | O292: =IF(ISNUMBER(N292),N292/10,"") -> 241.43302 | P292: =IF(ISNUMBER(O292),SUMIFS(O$1:$O292,A$1:$A292,A292,C$1:$C292,C292,G$1:$G292,G292,E$1:$E292,E292),"") -> 454.94641 | U292: =IF(ISNUMBER(R292),R292/100,"") | V292: 18.690123 | W292: 16.471498 | X292: 78.620277 | Y292: 25.039492 | Z292: 89.257088 | AA292: 24.346878 | AB292: 0.038955005 | AC292: =IF(ISNUMBER(AB292),AB292,"") -> 0.038955005 | AD292: 12.579244 | AE292: 13.580607 | AH292: =IF(AND(ISNUMBER(AB292),ISNUMBER(O292)),ROUND(O292*AB292,3),"") -> 9.405 | AI292: =IF(ISNUMBER(AH292),SUMIFS($AH$1:AH292,$A$1:A292,A292,C$1:$C292,C292,$G$1:G292,G292,$E$1:E292,E292),"") -> 18.604 | AJ292: =COUNT(K292:AI292) -> 16
A293: FRNLLincolnWCloverNRate200 | B293: LU_GEdwards | C293: WhiteClover | D293: 42324 | E293: 2 | F293: 200 | G293: 2015/16 | H293: Spring | I293: 2 | J293: Harvest | K293: 156 | M293: =IF(ISNUMBER(L293),L293/10,"") | N293: 2134.4208 | O293: =IF(ISNUMBER(N293),N293/10,"") -> 213.44208 | P293: =IF(ISNUMBER(O293),SUMIFS(O$1:$O293,A$1:$A293,A293,C$1:$C293,C293,G$1:$G293,G293,E$1:$E293,E293),"") -> 334.89193 | U293: =IF(ISNUMBER(R293),R293/100,"") | V293: 18.199915 | W293: 16.926947 | X293: 79.325855 | Y293: 23.85371 | Z293: 88.457706 | AA293: 25.34761 | AB293: 0.040556177 | AC293: =IF(ISNUMBER(AB293),AB293,"") -> 0.040556177 | AD293: 12.692137 | AE293: 13.34013 | AH293: =IF(AND(ISNUMBER(AB293),ISNUMBER(O293)),ROUND(O293*AB293,3),"") -> 8.656 | AI293: =IF(ISNUMBER(AH293),SUMIFS($AH$1:AH293,$A$1:A293,A293,C$1:$C293,C293,$G$1:G293,G293,$E$1:E293,E293),"") -> 14.135 | AJ293: =COUNT(K293:AI293) -> 16
A294: FRNLLincolnWCloverNRate350 | B294: LU_GEdwards | C294: WhiteClover | D294: 42324 | E294: 2 | F294: 350 | G294: 2015/16 | H294: Spring | I294: 2 | J294: Harvest | K294: 272 | M294: =IF(ISNUMBER(L294),L294/10,"") | N294: 1743.6391 | O294: =IF(ISNUMBER(N294),N294/10,"") -> 174.36391 | P294: =IF(ISNUMBER(O294),SUMIFS(O$1:$O294,A$1:$A294,A294,C$1:$C294,C294,G$1:$G294,G294,E$1:$E294,E294),"") -> 331.19044 | U294: =IF(ISNUMBER(R294),R294/100,"") | V294: 17.734308 | W294: 17.968029 | X294: 80.603489 | Y294: 24.031658 | Z294: 89.901711 | AA294: 26.083746 | AB294: 0.041733994 | AC294: =IF(ISNUMBER(AB294),AB294,"") -> 0.041733994 | AD294: 12.896558 | AE294: 14.011386 | AH294: =IF(AND(ISNUMBER(AB294),ISNUMBER(O294)),ROUND(O294*AB294,3),"") -> 7.277 | AI294: =IF(ISNUMBER(AH294),SUMIFS($AH$1:AH294,$A$1:A294,A294,C$1:$C294,C294,$G$1:G294,G294,$E$1:E294,E294),"") -> 14.757 | AJ294: =COUNT(K294:AI294) -> 16
A295: FRNLLincolnWCloverNRate500 | B295: LU_GEdwards | C295: WhiteClover | D295: 42324 | E295: 2 | F295: 500 | G295: 2015/16 | H295: Spring | I295: 2 | J295: Harvest | K295: 389 | M295: =IF(ISNUMBER(L295),L295/10,"") | N295: 2279.8092 | O295: =IF(ISNUMBER(N295),N295/10,"") -> 227.98092 | P295: =IF(ISNUMBER(O295),SUMIFS(O$1:$O295,A$1:$A295,A295,C$1:$C295,C295,G$1:$G295,G295,E$1:$E295,E295),"") -> 408.861 | U295: =IF(ISNUMBER(R295),R295/100,"") | V295: 18.686736 | W295: 17.58649 | X295: 79.724957 | Y295: 25.219679 | Z295: 89.618015 | AA295: 25.254704 | AB295: 0.040407527 | AC295: =IF(ISNUMBER(AB295),AB295,"") -> 0.040407527 | AD295: 12.755993 | AE295: 13.398132 | AH295: =IF(AND(ISNUMBER(AB295),ISNUMBER(O295)),ROUND(O295*AB295,3),"") -> 9.212 | AI295: =IF(ISNUMBER(AH295),SUMIFS($AH$1:AH295,$A$1:A295,A295,C$1:$C295,C295,$G$1:G295,G295,$E$1:E295,E295),"") -> 18.03 | AJ295: =COUNT(K295:AI295) -> 16
... A379: FRNLLincolnWCloverNRate500 | B379: LU_GEdwards | C379: WhiteClover | D379: 42424 | E379: 4 | F379: 500 | G379: 2015/16 | H379: Summer | I379: 5 | J379: Harvest | K379: 389 | M379: =IF(ISNUMBER(L379),L379/10,"") | N379: 1568.5198 | O379: =IF(ISNUMBER(N379),N379/10,"") -> 156.85198 | P379: =IF(ISNUMBER(O379),SUMIFS(O$1:$O379,A$1:$A379,A379,C$1:$C379,C379,G$1:$G379,G379,E$1:$E379,E379),"") -> 913.83062 | U379: =IF(ISNUMBER(R379),R379/100,"") | V379: 19.998131 | W379: 12.690542 | X379: 76.705547 | Y379: 27.603258 | Z379: 90.543926 | AA379: 28.840211 | AB379: 0.046144337 | AC379: =IF(ISNUMBER(AB379),AB379,"") -> 0.046144337 | AD379: 12.272888 | AE379: 13.115157 | AH379: =IF(AND(ISNUMBER(AB379),ISNUMBER(O379)),ROUND(O379*AB379,3),"") -> 7.238 | AI379: =IF(ISNUMBER(AH379),SUMIFS($AH$1:AH379,$A$1:A379,A379,C$1:$C379,C379,$G$1:G379,G379,$E$1:E379,E379),"") -> 38.002 | AJ379: =COUNT(K379:AI379) -> 16
A380: FRNLLincolnWCloverNRate0 | B380: LU_GEdwards | C380: WhiteClover | D380: 42460 | E380: 1 | F380: 0 | G380: 2015/16 | H380: Autumn | I380: 6 | J380: Regrowth3 | K380: 0 | L380: 858 | M380: =IF(ISNUMBER(L380),L380/10,"") -> 85.8 | O380: =IF(ISNUMBER(N380),N380/10,"") | P380: =IF(ISNUMBER(O380),SUMIFS(O$1:$O380,A$1:$A380,A380,C$1:$C380,C380,G$1:$G380,G380,E$1:$E380,E380),"") | U380: =IF(ISNUMBER(R380),R380/100,"") | V380: 18.417144 | W380: 11.886026 | X380: 79.933582 | Y380: 23.524891 | Z380: 89.801743 | AA380: 31.850331 | AB380: 0.05096053 | AC380: =IF(ISNUMBER(AB380),AB380,"") -> 0.05096053 | AD380: 12.789373 | AE380: 15.126631 | AH380: =IF(AND(ISNUMBER(AB380),ISNUMBER(O380)),ROUND(O380*AB380,3),"") | AI380: =IF(ISNUMBER(AH380),SUMIFS($AH$1:AH380,$A$1:A380,A380,C$1:$C380,C380,$G$1:G380,G380,$E$1:E380,E380),"") | AJ380: =COUNT(K380:AI380) -> 13
A381: FRNLLincolnWCloverNRate50 | B381: LU_GEdwards | C381: WhiteClover | D381: 42460 | E381: 1 | F381: 50 | G381: 2015/16 | H381: Autumn | I381: 6 | J381: Regrowth3 | K381: 45 | L381: 1073.25 | M381: =IF(ISNUMBER(L381),L381/10,"") -> 107.325 | O381: =IF(ISNUMBER(N381),N381/10,"") | P381: =IF(ISNUMBER(O381),SUMIFS(O$1:$O381,A$1:$A381,A381,C$1:$C381,C381,G$1:$G381,G381,E$1:$E381,E381),"") | U381: =IF(ISNUMBER(R381),R381/100,"") | V381: 17.435752 | W381: 12.502317 | X381: 78.743126 | Y381: 20.315001 | Z381: 89.162437 | AA381: 31.139999 | AB381: 0.049823999 | AC381: =IF(ISNUMBER(AB381),AB381,"") -> 0.049823999 | AD381: 12.5989 | AE381: 14.192275 | AH381: =IF(AND(ISNUMBER(AB381),ISNUMBER(O381)),ROUND(O381*AB381,3),"") | AI381: =IF(ISNUMBER(AH381),SUMIFS($AH$1:AH381,$A$1:A381,A381,C$1:$C381,C381,$G$1:G381,G381,$E$1:E381,E381),"") | AJ381: =COUNT(K381:AI381) -> 13
A382: FRNLLincolnWCloverNRate100 | B382: LU_GEdwards | C382: WhiteClover | D382: 42460 | E382: 1 | F382: 100 | G382: 2015/16 | H382: Autumn | I382: 6 | J382: Regrowth3 | K382: 78 | L382: 1026 | M382: =IF(ISNUMBER(L382),L382/10,"") -> 102.6 | O382: =IF(ISNUMBER(N382),N382/10,"") | P382: =IF(ISNUMBER(O382),SUMIFS(O$1:$O382,A$1:$A382,A382,C$1:$C382,C382,G$1:$G382,G382,E$1:$E382,E382),"") | U382: =IF(ISNUMBER(R382),R382/100,"") | V382: 16.725327 | W382: 16.129138 | X382: 80.651604 | Y382: 25.174391 | Z382: 90.798527 | AA382: 30.718064 | AB382: 0.049148903 | AC382: =IF(ISNUMBER(AB382),AB382,"") -> 0.049148903 | AD382: 12.904257 | AE382: 14.35992 | AH382: =IF(AND(ISNUMBER(AB382),ISNUMBER(O382)),ROUND(O382*AB382,3),"") | AI382: =IF(ISNUMBER(AH382),SUMIFS($AH$1:AH382,$A$1:A382,A382,C$1:$C382,C382,$G$1:G382,G382,$E$1:E382,E382),"") | AJ382: =COUNT(K382:AI382) -> 13
A383: FRNLLincolnWCloverNRate200 | B383: LU_GEdwards | C383: WhiteClover | D383: 42460 | E383: 1 | F383: 200 | G383: 2015/16 | H383: Autumn | I383: 6 | J383: Regrowth3 | K383: 156 | L383: 1125.5 | M383: =IF(ISNUMBER(L383),L383/10,"") -> 112.55 | O383: =IF(ISNUMBER(N383),N383/10,"") | P383: =IF(ISNUMBER(O383),SUMIFS(O$1:$O383,A$1:$A383,A383,C$1:$C383,C383,G$1:$G383,G383,E$1:$E383,E383),"") | U383: =IF(ISNUMBER(R383),R383/100,"") | V383: 16.470164 | W383: 13.147566 | X383: 81.500504 | Y383: 21.927561 | Z383: 90.41761 | AA383: 32.239903 | AB383: 0.051583846 | AC383: =IF(ISNUMBER(AB383),AB383,"") -> 0.051583846 | AD383: 13.040081 | AE383: 15.196863 | AH383: =IF(AND(ISNUMBER(AB383),ISNUMBER(O383)),ROUND(O383*AB383,3),"") | AI383: =IF(ISNUMBER(AH383),SUMIFS($AH$1:AH383,$A$1:A383,A383,C$1:$C383,C383,$G$1:G383,G383,$E$1:E383,E383),"") | AJ383: =COUNT(K383:AI383) -> 13
A384: FRNLLincolnWCloverNRate350 | B384: LU_GEdwards | C384: WhiteClover | D384: 42460 | E384: 1 | F384: 350 | G384: 2015/16 | H384: Autumn | I384: 6 | J384: Regrowth3 | K384: 272 | L384: 843.5 | M384: =IF(ISNUMBER(L384),L384/10,"") -> 84.35 | O384: =IF(ISNUMBER(N384),N384/10,"") | P384: =IF(ISNUMBER(O384),SUMIFS(O$1:$O384,A$1:$A384,A384,C$1:$C384,C384,G$1:$G384,G384,E$1:$E384,E384),"") | U384: =IF(ISNUMBER(R384),R384/100,"") | V384: 17.190654 | W384: 12.137161 | X384: 73.355324 | Y384: 21.921061 | Z384: 87.321541 | AA384: 29.982585 | AB384: 0.047972136 | AC384: =IF(ISNUMBER(AB384),AB384,"") -> 0.047972136 | AD384: 11.736852 | AE384: 15.080693 | AH384: =IF(AND(ISNUMBER(AB384),ISNUMBER(O384)),ROUND(O384*AB384,3),"") | AI384: =IF(ISNUMBER(AH384),SUMIFS($AH$1:AH384,$A$1:A384,A384,C$1:$C384,C384,$G$1:G384,G384,$E$1:E384,E384),"") | AJ384: =COUNT(K384:AI384) -> 13
A385: FRNLLincolnWCloverNRate500 | B385: LU_GEdwards | C385: WhiteClover | D385: 42460 | E385: 1 | F385: 500 | G385: 2015/16 | H385: Autumn | I385: 6 | J385: Regrowth3 | K385: 389 | L385: 975 | M385: =IF(ISNUMBER(L385),L385/10,"") -> 97.5 | O385: =IF(ISNUMBER(N385),N385/10,"") | P385: =IF(ISNUMBER(O385),SUMIFS(O$1:$O385,A$1:$A385,A385,C$1:$C385,C385,G$1:$G385,G385,E$1:$E385,E385),"") | U385: =IF(ISNUMBER(R385),R385/100,"") | V385: 17.009871 | W385: 13.618174 | X385: 80.273479 | Y385: 20.588865 | Z385: 90.057144 | AA385: 31.279032 | AB385: 0.050046451 | AC385: =IF(ISNUMBER(AB385),AB385,"") -> 0.050046451 | AD385: 12.843757 | AE385: 14.943962 | AH385: =IF(AND(ISNUMBER(AB385),ISNUMBER(O385)),ROUND(O385*AB385,3),"") | AI385: =IF(ISNUMBER(AH385),SUMIFS($AH$1:AH385,$A$1:A385,A385,C$1:$C385,C385,$G$1:G385,G385,$E$1:E385,E385),"") | AJ385: =COUNT(K385:AI385) -> 13
A386: FRNLLincolnWCloverNRate0 | B386: LU_GEdwards | C386: WhiteClover | D386: 42460 | E386: 2 | F386: 0 | G386: 2015/16 | H386: Autumn | I386: 6 | J386: Regrowth3 | K386: 0 | L386: 1204.5 | M386: =IF(ISNUMBER(L386),L386/10,"") -> 120.45 | O386: =IF(ISNUMBER(N386),N386/10,"") | P386: =IF(ISNUMBER(O386),SUMIFS(O$1:$O386,A$1:$A386,A386,C$1:$C386,C386,G$1:$G386,G386,E$1:$E386,E386),"") | U386: =IF(ISNUMBER(R386),R386/100,"") | V386: 17.50015 | W386: 14.440825 | X386: 80.390812 | Y386: 21.538619 | Z386: 90.849274 | AA386: 30.64413 | AB386: 0.049030608 | AC386: =IF(ISNUMBER(AB386),AB386,"") -> 0.049030608 | AD386: 12.86253 | AE386: 12.732077 | AH386: =IF(AND(ISNUMBER(AB386),ISNUMBER(O386)),ROUND(O386*AB386,3),"") | AI386: =IF(ISNUMBER(AH386),SUMIFS($AH$1:AH386,$A$1:A386,A386,C$1:$C386,C386,$G$1:G386,G386,$E$1:E386,E386),"") | AJ386: =COUNT(K386:AI386) -> 13
A387: FRNLLincolnWCloverNRate50 | B387: LU_GEdwards | C387: WhiteClover | D387: 42460 | E387: 2 | F387: 50 | G387: 2015/16 | H387: Autumn | I387: 6 | J387: Regrowth3 | K387: 45 | L387: 1164 | M387: =IF(ISNUMBER(L387),L387/10,"") -> 116.4 | O387: =IF(ISNUMBER(N387),N387/10,"") | P387: =IF(ISNUMBER(O387),SUMIFS(O$1:$O387,A$1:$A387,A387,C$1:$C387,C387,G$1:$G387,G387,E$1:$E387,E387),"") | U387: =IF(ISNUMBER(R387),R387/100,"") | V387: 17.327992 | W387: 16.983232 | X387: 81.441906 | Y387: 18.228053 | Z387: 90.031948 | AA387: 27.615848 | AB387: 0.044185356 | AC387: =IF(ISNUMBER(AB387),AB387,"") -> 0.044185356 | AD387: 13.030705 | AE387: 11.497653 | AH387: =IF(AND(ISNUMBER(AB387),ISNUMBER(O387)),ROUND(O387*AB387,3),"") | AI387: =IF(ISNUMBER(AH387),SUMIFS($AH$1:AH387,$A$1:A387,A387,C$1:$C387,C387,$G$1:G387,G387,$E$1:E387,E387),"") | AJ387: =COUNT(K387:AI387) -> 13
A388: FRNLLincolnWCloverNRate100 | B388: LU_GEdwards | C388: WhiteClover | D388: 42460 | E388: 2 | F388: 100 | G388: 2015/16 | H388: Autumn | I388: 6 | J388: Regrowth3 | K388: 78 | L388: 986 | M388: =IF(ISNUMBER(L388),L388/10,"") -> 98.6 | O388: =IF(ISNUMBER(N388),N388/10,"") | P388: =IF(ISNUMBER(O388),SUMIFS(O$1:$O388,A$1:$A388,A388,C$1:$C388,C388,G$1:$G388,G388,E$1:$E388,E388),"") | U388: =IF(ISNUMBER(R388),R388/100,"") | V388: 18.034316 | W388: 15.826851 | X388: 80.297386 | Y388: 23.622578 | Z388: 90.898472 | AA388: 28.256239 | AB388: 0.045209982 | AC388: =IF(ISNUMBER(AB388),AB388,"") -> 0.045209982 | AD388: 12.847582 | AE388: 15.506748 | AH388: =IF(AND(ISNUMBER(AB388),ISNUMBER(O388)),ROUND(O388*AB388,3),"") | AI388: =IF(ISNUMBER(AH388),SUMIFS($AH$1:AH388,$A$1:A388,A388,C$1:$C388,C388,$G$1:G388,G388,$E$1:E388,E388),"") | AJ388: =COUNT(K388:AI388) -> 13
A389: FRNLLincolnWCloverNRate200 | B389: LU_GEdwards | C389: WhiteClover | D389: 42460 | E389: 2 | F389: 200 | G389: 2015/16 | H389: Autumn | I389: 6 | J389: Regrowth3 | K389: 156 | L389: 1057.25 | M389: =IF(ISNUMBER(L389),L389/10,"") -> 105.725 | O389: =IF(ISNUMBER(N389),N389/10,"") | P389: =IF(ISNUMBER(O389),SUMIFS(O$1:$O389,A$1:$A389,A389,C$1:$C389,C389,G$1:$G389,G389,E$1:$E389,E389),"") | U389: =IF(ISNUMBER(R389),R389/100,"") | V389: 17.481834 | W389: 17.453472 | X389: 79.067688 | Y389: 19.817136 | Z389: 89.492947 | AA389: 27.872422 | AB389: 0.044595876 | AC389: =IF(ISNUMBER(AB389),AB389,"") -> 0.044595876 | AD389: 12.65083 | AE389: 11.886301 | AH389: =IF(AND(ISNUMBER(AB389),ISNUMBER(O389)),ROUND(O389*AB389,3),"") | AI389: =IF(ISNUMBER(AH389),SUMIFS($AH$1:AH389,$A$1:A389,A389,C$1:$C389,C389,$G$1:G389,G389,$E$1:E389,E389),"") | AJ389: =COUNT(K389:AI389) -> 13
A390: FRNLLincolnWCloverNRate350 | B390: LU_GEdwards | C390: WhiteClover | D390: 42460 | E390: 2 | F390: 350 | G390: 2015/16 | H390: Autumn | I390: 6 | J390: Regrowth3 | K390: 272 | L390: 1116.75 | M390: =IF(ISNUMBER(L390),L390/10,"") -> 111.675 | O390: =IF(ISNUMBER(N390),N390/10,"") | P390: =IF(ISNUMBER(O390),SUMIFS(O$1:$O390,A$1:$A390,A390,C$1:$C390,C390,G$1:$G390,G390,E$1:$E390,E390),"") | U390: =IF(ISNUMBER(R390),R390/100,"") | V390: 17.612757 | W390: 16.07131 | X390: 79.369835 | Y390: 21.409201 | Z390: 89.874939 | AA390: 29.215688 | AB390: 0.0467451 | AC390: =IF(ISNUMBER(AB390),AB390,"") -> 0.0467451 | AD390: 12.699174 | AE390: 11.659403 | AH390: =IF(AND(ISNUMBER(AB390),ISNUMBER(O390)),ROUND(O390*AB390,3),"") | AI390: =IF(ISNUMBER(AH390),SUMIFS($AH$1:AH390,$A$1:A390,A390,C$1:$C390,C390,$G$1:G390,G390,$E$1:E390,E390),"") | AJ390: =COUNT(K390:AI390) -> 13
A391: FRNLLincolnWCloverNRate500 | B391: LU_GEdwards | C391: WhiteClover | D391: 42460 | E391: 2 | F391: 500 | G391: 2015/16 | H391: Autumn | I391: 6 | J391: Regrowth3 | K391: 389 | L391: 966.75 | M391: =IF(ISNUMBER(L391),L391/10,"") -> 96.675 | O391: =IF(ISNUMBER(N391),N391/10,"") | P391: =IF(ISNUMBER(O391),SUMIFS(O$1:$O391,A$1:$A391,A391,C$1:$C391,C391,G$1:$G391,G391,E$1:$E391,E391),"") | U391: =IF(ISNUMBER(R391),R391/100,"") | V391: 18.026578 | W391: 17.92776 | X391: 80.478775 | Y391: 18.650591 | Z391: 90.243809 | AA391: 26.469709 | AB391: 0.042351535 | AC391: =IF(ISNUMBER(AB391),AB391,"") -> 0.042351535 | AD391: 12.876604 | AE391: 12.446281 | AH391: =IF(AND(ISNUMBER(AB391),ISNUMBER(O391)),ROUND(O391*AB391,3),"") | AI391: =IF(ISNUMBER(AH391),SUMIFS($AH$1:AH391,$A$1:A391,A391,C$1:$C391,C391,$G$1:G391,G391,$E$1:E391,E391),"") | AJ391: =COUNT(K391:AI391) -> 13
... A397: FRNLLincolnWCloverNRate500 | B397: LU_GEdwards | C397: WhiteClover | D397: 42460 | E397: 3 | F397: 500 | G397: 2015/16 | H397: Autumn | I397: 6 | J397: Regrowth3 | K397: 389 | L397: 949 | M397: =IF(ISNUMBER(L397),L397/10,"") -> 94.9 | O397: =IF(ISNUMBER(N397),N397/10,"") | P397: =IF(ISNUMBER(O397),SUMIFS(O$1:$O397,A$1:$A397,A397,C$1:$C397,C397,G$1:$G397,G397,E$1:$E397,E397),"") | U397: =IF(ISNUMBER(R397),R397/100,"") | V397: 16.235701 | W397: 15.653008 | X397: 81.314686 | Y397: 20.860017 | Z397: 90.958942 | AA397: 31.489834 | AB397: 0.050383734 | AC397: =IF(ISNUMBER(AB397),AB397,"") -> 0.050383734 | AD397: 13.01035 | AE397: 14.322651 | AH397: =IF(AND(ISNUMBER(AB397),ISNUMBER(O397)),ROUND(O397*AB397,3),"") | AI397: =IF(ISNUMBER(AH397),SUMIFS($AH$1:AH397,$A$1:A397,A397,C$1:$C397,C397,$G$1:G397,G397,$E$1:E397,E397),"") | AJ397: =COUNT(K397:AI397) -> 13
A398: FRNLLincolnWCloverNRate0 | B398: LU_GEdwards | C398: WhiteClover | D398: 42469 | E398: 1 | F398: 0 | G398: 2015/16 | H398: Autumn | I398: 6 | J398: Harvest | K398: 0 | M398: =IF(ISNUMBER(L398),L398/10,"") | N398: 785.30002 | O398: =IF(ISNUMBER(N398),N398/10,"") -> 78.530002 | P398: =IF(ISNUMBER(O398),SUMIFS(O$1:$O398,A$1:$A398,A398,C$1:$C398,C398,G$1:$G398,G398,E$1:$E398,E398),"") -> 916.71133 | U398: =IF(ISNUMBER(R398),R398/100,"") | V398: 17.513197 | W398: 13.020137 | X398: 80.132221 | Y398: 22.706848 | Z398: 90.203854 | AA398: 31.734389 | AB398: 0.050775023 | AC398: =IF(ISNUMBER(AB398),AB398,"") -> 0.050775023 | AD398: 12.821155 | AE398: 12.707338 | AH398: =IF(AND(ISNUMBER(AB398),ISNUMBER(O398)),ROUND(O398*AB398,3),"") -> 3.987 | AI398: =IF(ISNUMBER(AH398),SUMIFS($AH$1:AH398,$A$1:A398,A398,C$1:$C398,C398,$G$1:G398,G398,$E$1:E398,E398),"") -> 34.813 | AJ398: =COUNT(K398:AI398) -> 16
A399: FRNLLincolnWCloverNRate50 | B399: LU_GEdwards | C399: WhiteClover | D399: 42469 | E399: 1 | F399: 50 | G399: 2015/16 | H399: Autumn | I399: 6 | J399: Harvest | K399: 45 | M399: =IF(ISNUMBER(L399),L399/10,"") | N399: 822.49377 | O399: =IF(ISNUMBER(N399),N399/10,"") -> 82.249377 | P399: =IF(ISNUMBER(O399),SUMIFS(O$1:$O399,A$1:$A399,A399,C$1:$C399,C399,G$1:$G399,G399,E$1:$E399,E399),"") -> 838.40658 | U399: =IF(ISNUMBER(R399),R399/100,"") | V399: 17.465165 | W399: 14.849948 | X399: 80.292942 | Y399: 22.377666 | Z399: 90.928268 | AA399: 31.70612 | AB399: 0.050729793 | AC399: =IF(ISNUMBER(AB399),AB399,"") -> 0.050729793 | AD399: 12.846871 | AE399: 12.783826 | AH399: =IF(AND(ISNUMBER(AB399),ISNUMBER(O399)),ROUND(O399*AB399,3),"") -> 4.172 | AI399: =IF(ISNUMBER(AH399),SUMIFS($AH$1:AH399,$A$1:A399,A399,C$1:$C399,C399,$G$1:G399,G399,$E$1:E399,E399),"") -> 34.16 | AJ399: =COUNT(K399:AI399) -> 16
A400: FRNLLincolnWCloverNRate100 | B400: LU_GEdwards | C400: WhiteClover | D400: 42469 | E400: 1 | F400: 100 | G400: 2015/16 | H400: Autumn | I400: 6 | J400: Harvest | K400: 78 | M400: =IF(ISNUMBER(L400),L400/10,"") | N400: 684.62578 | O400: =IF(ISNUMBER(N400),N400/10,"") -> 68.462578 | P400: =IF(ISNUMBER(O400),SUMIFS(O$1:$O400,A$1:$A400,A400,C$1:$C400,C400,G$1:$G400,G400,E$1:$E400,E400),"") -> 813.3488 | U400: =IF(ISNUMBER(R400),R400/100,"") | V400: 17.692062 | W400: 15.831211 | X400: 79.900692 | Y400: 22.334925 | Z400: 90.501888 | AA400: 29.238406 | AB400: 0.04678145 | AC400: =IF(ISNUMBER(AB400),AB400,"") -> 0.04678145 | AD400: 12.784111 | AE400: 14.441325 | AH400: =IF(AND(ISNUMBER(AB400),ISNUMBER(O400)),ROUND(O400*AB400,3),"") -> 3.203 | AI400: =IF(ISNUMBER(AH400),SUMIFS($AH$1:AH400,$A$1:A400,A400,C$1:$C400,C400,$G$1:G400,G400,$E$1:E400,E400),"") -> 33.077 | AJ400: =COUNT(K400:AI400) -> 16
A401: FRNLLincolnWCloverNRate200 | B401: LU_GEdwards | C401: WhiteClover | D401: 42469 | E401: 1 | F401: 200 | G401: 2015/16 | H401: Autumn | I401: 6 | J401: Harvest | K401: 156 | M401: =IF(ISNUMBER(L401),L401/10,"") | N401: 510.85236 | O401: =IF(ISNUMBER(N401),N401/10,"") -> 51.085236 | P401: =IF(ISNUMBER(O401),SUMIFS(O$1:$O401,A$1:$A401,A401,C$1:$C401,C401,G$1:$G401,G401,E$1:$E401,E401),"") -> 826.66821 | U401: =IF(ISNUMBER(R401),R401/100,"") | V401: 16.808507 | W401: 14.903953 | X401: 80.556587 | Y401: 22.432013 | Z401: 91.142776 | AA401: 30.896086 | AB401: 0.049433737 | AC401: =IF(ISNUMBER(AB401),AB401,"") -> 0.049433737 | AD401: 12.889054 | AE401: 14.03359 | AH401: =IF(AND(ISNUMBER(AB401),ISNUMBER(O401)),ROUND(O401*AB401,3),"") -> 2.525 | AI401: =IF(ISNUMBER(AH401),SUMIFS($AH$1:AH401,$A$1:A401,A401,C$1:$C401,C401,$G$1:G401,G401,$E$1:E401,E401),"") -> 35.059 | AJ401: =COUNT(K401:AI401) -> 16
A402: FRNLLincolnWCloverNRate350 | B402: LU_GEdwards | C402: WhiteClover | D402: 42469 | E402: 1 | F402: 350 | G402: 2015/16 | H402: Autumn | I402: 6 | J402: Harvest | K402: 272 | M402: =IF(ISNUMBER(L402),L402/10,"") | N402: 876.63016 | O402: =IF(ISNUMBER(N402),N402/10,"") -> 87.663016 | P402: =IF(ISNUMBER(O402),SUMIFS(O$1:$O402,A$1:$A402,A402,C$1:$C402,C402,G$1:$G402,G402,E$1:$E402,E402),"") -> 963.79266 | U402: =IF(ISNUMBER(R402),R402/100,"") | V402: 17.770506 | W402: 13.59215 | X402: 80.263451 | Y402: 23.105293 | Z402: 90.676872 | AA402: 31.747426 | AB402: 0.050795882 | AC402: =IF(ISNUMBER(AB402),AB402,"") -> 0.050795882 | AD402: 12.842152 | AE402: 12.476137 | AH402: =IF(AND(ISNUMBER(AB402),ISNUMBER(O402)),ROUND(O402*AB402,3),"") -> 4.453 | AI402: =IF(ISNUMBER(AH402),SUMIFS($AH$1:AH402,$A$1:A402,A402,C$1:$C402,C402,$G$1:G402,G402,$E$1:E402,E402),"") -> 37.863 | AJ402: =COUNT(K402:AI402) -> 16
A403: FRNLLincolnWCloverNRate500 | B403: LU_GEdwards | C403: WhiteClover | D403: 42469 | E403: 1 | F403: 500 | G403: 2015/16 | H403: Autumn | I403: 6 | J403: Harvest | K403: 389 | M403: =IF(ISNUMBER(L403),L403/10,"") | N403: 749.2081 | O403: =IF(ISNUMBER(N403),N403/10,"") -> 74.92081 | P403: =IF(ISNUMBER(O403),SUMIFS(O$1:$O403,A$1:$A403,A403,C$1:$C403,C403,G$1:$G403,G403,E$1:$E403,E403),"") -> 963.91174 | U403: =IF(ISNUMBER(R403),R403/100,"") | V403: 18.166541 | W403: 13.292756 | X403: 79.338844 | Y403: 22.831123 | Z403: 90.596794 | AA403: 30.92145 | AB403: 0.049474319 | AC403: =IF(ISNUMBER(AB403),AB403,"") -> 0.049474319 | AD403: 12.694215 | AE403: 13.634486 | AH403: =IF(AND(ISNUMBER(AB403),ISNUMBER(O403)),ROUND(O403*AB403,3),"") -> 3.707 | AI403: =IF(ISNUMBER(AH403),SUMIFS($AH$1:AH403,$A$1:A403,A403,C$1:$C403,C403,$G$1:G403,G403,$E$1:E403,E403),"") -> 39.815 | AJ403: =COUNT(K403:AI403) -> 16
A404: FRNLLincolnWCloverNRate0 | B404: LU_GEdwards | C404: WhiteClover | D404: 42469 | E404: 2 | F404: 0 | G404: 2015/16 | H404: Autumn | I404: 6 | J404: Harvest | K404: 0 | M404: =IF(ISNUMBER(L404),L404/10,"") | N404: 798.05575 | O404: =IF(ISNUMBER(N404),N404/10,"") -> 79.805575 | P404: =IF(ISNUMBER(O404),SUMIFS(O$1:$O404,A$1:$A404,A404,C$1:$C404,C404,G$1:$G404,G404,E$1:$E404,E404),"") -> 880.72615 | U404: =IF(ISNUMBER(R404),R404/100,"") | V404: 17.024894 | W404: 13.526769 | X404: 81.483841 | Y404: 22.4445 | Z404: 91.006176 | AA404: 33.236073 | AB404: 0.053177716 | AC404: =IF(ISNUMBER(AB404),AB404,"") -> 0.053177716 | AD404: 13.037415 | AE404: 12.739234 | AH404: =IF(AND(ISNUMBER(AB404),ISNUMBER(O404)),ROUND(O404*AB404,3),"") -> 4.244 | AI404: =IF(ISNUMBER(AH404),SUMIFS($AH$1:AH404,$A$1:A404,A404,C$1:$C404,C404,$G$1:G404,G404,$E$1:E404,E404),"") -> 39.739 | AJ404: =COUNT(K404:AI404) -> 16
A405: FRNLLincolnWCloverNRate50 | B405: LU_GEdwards | C405: WhiteClover | D405: 42469 | E405: 2 | F405: 50 | G405: 2015/16 | H405: Autumn | I405: 6 | J405: Harvest | K405: 45 | M405: =IF(ISNUMBER(L405),L405/10,"") | N405: 836.24504 | O405: =IF(ISNUMBER(N405),N405/10,"") -> 83.624504 | P405: =IF(ISNUMBER(O405),SUMIFS(O$1:$O405,A$1:$A405,A405,C$1:$C405,C405,G$1:$G405,G405,E$1:$E405,E405),"") -> 980.63343 | U405: =IF(ISNUMBER(R405),R405/100,"") | V405: 17.708746 | W405: 14.909262 | X405: 80.863579 | Y405: 22.203284 | Z405: 90.626564 | AA405: 30.337905 | AB405: 0.048540648 | AC405: =IF(ISNUMBER(AB405),AB405,"") -> 0.048540648 | AD405: 12.938173 | AE405: 13.348844 | AH405: =IF(AND(ISNUMBER(AB405),ISNUMBER(O405)),ROUND(O405*AB405,3),"") -> 4.059 | AI405: =IF(ISNUMBER(AH405),SUMIFS($AH$1:AH405,$A$1:A405,A405,C$1:$C405,C405,$G$1:G405,G405,$E$1:E405,E405),"") -> 42.752 | AJ405: =COUNT(K405:AI405) -> 16
A406: FRNLLincolnWCloverNRate100 | B406: LU_GEdwards | C406: WhiteClover | D406: 42469 | E406: 2 | F406: 100 | G406: 2015/16 | H406: Autumn | I406: 6 | J406: Harvest | K406: 78 | M406: =IF(ISNUMBER(L406),L406/10,"") | N406: 858.48839 | O406: =IF(ISNUMBER(N406),N406/10,"") -> 85.848839 | P406: =IF(ISNUMBER(O406),SUMIFS(O$1:$O406,A$1:$A406,A406,C$1:$C406,C406,G$1:$G406,G406,E$1:$E406,E406),"") -> 1018.8104 | U406: =IF(ISNUMBER(R406),R406/100,"") | V406: 17.881174 | W406: 11.953688 | X406: 78.862457 | Y406: 22.699066 | Z406: 89.681332 | AA406: 30.883362 | AB406: 0.049413379 | AC406: =IF(ISNUMBER(AB406),AB406,"") -> 0.049413379 | AD406: 12.617993 | AE406: 13.115795 | AH406: =IF(AND(ISNUMBER(AB406),ISNUMBER(O406)),ROUND(O406*AB406,3),"") -> 4.242 | AI406: =IF(ISNUMBER(AH406),SUMIFS($AH$1:AH406,$A$1:A406,A406,C$1:$C406,C406,$G$1:G406,G406,$E$1:E406,E406),"") -> 43.093 | AJ406: =COUNT(K406:AI406) -> 16
A407: FRNLLincolnWCloverNRate200 | B407: LU_GEdwards | C407: WhiteClover | D407: 42469 | E407: 2 | F407: 200 | G407: 2015/16 | H407: Autumn | I407: 6 | J407: Harvest | K407: 156 | M407: =IF(ISNUMBER(L407),L407/10,"") | N407: 890.00972 | O407: =IF(ISNUMBER(N407),N407/10,"") -> 89.000972 | P407: =IF(ISNUMBER(O407),SUMIFS(O$1:$O407,A$1:$A407,A407,C$1:$C407,C407,G$1:$G407,G407,E$1:$E407,E407),"") -> 916.17628 | U407: =IF(ISNUMBER(R407),R407/100,"") | V407: 17.617346 | W407: 13.387534 | X407: 79.949585 | Y407: 23.749942 | Z407: 90.60598 | AA407: 31.51827 | AB407: 0.050429233 | AC407: =IF(ISNUMBER(AB407),AB407,"") -> 0.050429233 | AD407: 12.791934 | AE407: 12.979308 | AH407: =IF(AND(ISNUMBER(AB407),ISNUMBER(O407)),ROUND(O407*AB407,3),"") -> 4.488 | AI407: =IF(ISNUMBER(AH407),SUMIFS($AH$1:AH407,$A$1:A407,A407,C$1:$C407,C407,$G$1:G407,G407,$E$1:E407,E407),"") -> 39.206 | AJ407: =COUNT(K407:AI407) -> 16
A408: FRNLLincolnWCloverNRate350 | B408: LU_GEdwards | C408: WhiteClover | D408: 42469 | E408: 2 | F408: 350 | G408: 2015/16 | H408: Autumn | I408: 6 | J408: Harvest | K408: 272 | M408: =IF(ISNUMBER(L408),L408/10,"") | N408: 1244.9402 | O408: =IF(ISNUMBER(N408),N408/10,"") -> 124.49402 | P408: =IF(ISNUMBER(O408),SUMIFS(O$1:$O408,A$1:$A408,A408,C$1:$C408,C408,G$1:$G408,G408,E$1:$E408,E408),"") -> 916.72826 | U408: =IF(ISNUMBER(R408),R408/100,"") | V408: 17.39092 | W408: 12.94802 | X408: 80.163406 | Y408: 22.558398 | Z408: 89.828922 | AA408: 31.526582 | AB408: 0.050442531 | AC408: =IF(ISNUMBER(AB408),AB408,"") -> 0.050442531 | AD408: 12.826145 | AE408: 12.569108 | AH408: =IF(AND(ISNUMBER(AB408),ISNUMBER(O408)),ROUND(O408*AB408,3),"") -> 6.28 | AI408: =IF(ISNUMBER(AH408),SUMIFS($AH$1:AH408,$A$1:A408,A408,C$1:$C408,C408,$G$1:G408,G408,$E$1:E408,E408),"") -> 41.404 | AJ408: =COUNT(K408:AI408) -> 16
A409: FRNLLincolnWCloverNRate500 | B409: LU_GEdwards | C409: WhiteClover | D409: 42469 | E409: 2 | F409: 500 | G409: 2015/16 | H409: Autumn | I409: 6 | J409: Harvest | K409: 389 | M409: =IF(ISNUMBER(L409),L409/10,"") | N409: 828.51247 | O409: =IF(ISNUMBER(N409),N409/10,"") -> 82.851247 | P409: =IF(ISNUMBER(O409),SUMIFS(O$1:$O409,A$1:$A409,A409,C$1:$C409,C409,G$1:$G409,G409,E$1:$E409,E409),"") -> 1080.9227 | U409: =IF(ISNUMBER(R409),R409/100,"") | V409: 16.84558 | W409: 14.4917 | X409: 81.080605 | Y409: 22.328949 | Z409: 90.944778 | AA409: 31.655512 | AB409: 0.050648819 | AC409: =IF(ISNUMBER(AB409),AB409,"") -> 0.050648819 | AD409: 12.972897 | AE409: 12.547184 | AH409: =IF(AND(ISNUMBER(AB409),ISNUMBER(O409)),ROUND(O409*AB409,3),"") -> 4.196 | AI409: =IF(ISNUMBER(AH409),SUMIFS($AH$1:AH409,$A$1:A409,A409,C$1:$C409,C409,$G$1:G409,G409,$E$1:E409,E409),"") -> 48.527 | AJ409: =COUNT(K409:AI409) -> 16
... A469: FRNLLincolnWCloverNRate500 | B469: LU_GEdwards | C469: WhiteClover | D469: 42646 | E469: 4 | F469: 500 | G469: 2016/17 | H469: Spring | I469: 1 | J469: Harvest | K469: 389 | M469: =IF(ISNUMBER(L469),L469/10,"") | N469: 1248.253 | O469: =IF(ISNUMBER(N469),N469/10,"") -> 124.8253 | P469: =IF(ISNUMBER(O469),SUMIFS(O$1:$O469,A$1:$A469,A469,C$1:$C469,C469,G$1:$G469,G469,E$1:$E469,E469),"") -> 124.8253 | U469: =IF(ISNUMBER(R469),R469/100,"") | V469: 16.303653 | W469: 17.177114 | X469: 82.452129 | Y469: 21.104632 | Z469: 90.66177 | AA469: 30.935321 | AB469: 0.049496513 | AC469: =IF(ISNUMBER(AB469),AB469,"") -> 0.049496513 | AD469: 13.192341 | AE469: 14.711553 | AH469: =IF(AND(ISNUMBER(AB469),ISNUMBER(O469)),ROUND(O469*AB469,3),"") -> 6.178 | AI469: =IF(ISNUMBER(AH469),SUMIFS($AH$1:AH469,$A$1:A469,A469,C$1:$C469,C469,$G$1:G469,G469,$E$1:E469,E469),"") -> 6.178 | AJ469: =COUNT(K469:AI469) -> 16
A470: FRNLLincolnWCloverNRate0 | B470: LU_GEdwards | C470: WhiteClover | D470: 42663 | E470: 1 | F470: 0 | G470: 2016/17 | H470: Spring | I470: 2 | J470: Regrowth2 | K470: 0 | L470: 1022 | M470: =IF(ISNUMBER(L470),L470/10,"") -> 102.2 | O470: =IF(ISNUMBER(N470),N470/10,"") | P470: =IF(ISNUMBER(O470),SUMIFS(O$1:$O470,A$1:$A470,A470,C$1:$C470,C470,G$1:$G470,G470,E$1:$E470,E470),"") | U470: =IF(ISNUMBER(R470),R470/100,"") | V470: 16.225016 | W470: 18.526528 | X470: 82.676472 | Y470: 18.372425 | Z470: 90.204819 | AA470: 30.377999 | AB470: 0.048604799 | AC470: =IF(ISNUMBER(AB470),AB470,"") -> 0.048604799 | AD470: 13.228235 | AE470: 15.191641 | AH470: =IF(AND(ISNUMBER(AB470),ISNUMBER(O470)),ROUND(O470*AB470,3),"") | AI470: =IF(ISNUMBER(AH470),SUMIFS($AH$1:AH470,$A$1:A470,A470,C$1:$C470,C470,$G$1:G470,G470,$E$1:E470,E470),"") | AJ470: =COUNT(K470:AI470) -> 13
A471: FRNLLincolnWCloverNRate50 | B471: LU_GEdwards | C471: WhiteClover | D471: 42663 | E471: 1 | F471: 50 | G471: 2016/17 | H471: Spring | I471: 2 | J471: Regrowth2 | K471: 45 | L471: 1015.75 | M471: =IF(ISNUMBER(L471),L471/10,"") -> 101.575 | O471: =IF(ISNUMBER(N471),N471/10,"") | P471: =IF(ISNUMBER(O471),SUMIFS(O$1:$O471,A$1:$A471,A471,C$1:$C471,C471,G$1:$G471,G471,E$1:$E471,E471),"") | U471: =IF(ISNUMBER(R471),R471/100,"") | V471: 15.502001 | W471: 17.052851 | X471: 83.106922 | Y471: 17.908267 | Z471: 89.956348 | AA471: 31.167199 | AB471: 0.049867519 | AC471: =IF(ISNUMBER(AB471),AB471,"") -> 0.049867519 | AD471: 13.297108 | AE471: 15.722912 | AH471: =IF(AND(ISNUMBER(AB471),ISNUMBER(O471)),ROUND(O471*AB471,3),"") | AI471: =IF(ISNUMBER(AH471),SUMIFS($AH$1:AH471,$A$1:A471,A471,C$1:$C471,C471,$G$1:G471,G471,$E$1:E471,E471),"") | AJ471: =COUNT(K471:AI471) -> 13
A472: FRNLLincolnWCloverNRate100 | B472: LU_GEdwards | C472: WhiteClover | D472: 42663 | E472: 1 | F472: 100 | G472: 2016/17 | H472: Spring | I472: 2 | J472: Regrowth2 | K472: 78 | L472: 711.25 | M472: =IF(ISNUMBER(L472),L472/10,"") -> 71.125 | O472: =IF(ISNUMBER(N472),N472/10,"") | P472: =IF(ISNUMBER(O472),SUMIFS(O$1:$O472,A$1:$A472,A472,C$1:$C472,C472,G$1:$G472,G472,E$1:$E472,E472),"") | U472: =IF(ISNUMBER(R472),R472/100,"") | V472: 14.910775 | W472: 17.510836 | X472: 84.389294 | Y472: 18.59521 | Z472: 90.295982 | AA472: 31.985014 | AB472: 0.051176022 | AC472: =IF(ISNUMBER(AB472),AB472,"") -> 0.051176022 | AD472: 13.502287 | AE472: 16.685352 | AH472: =IF(AND(ISNUMBER(AB472),ISNUMBER(O472)),ROUND(O472*AB472,3),"") | AI472: =IF(ISNUMBER(AH472),SUMIFS($AH$1:AH472,$A$1:A472,A472,C$1:$C472,C472,$G$1:G472,G472,$E$1:E472,E472),"") | AJ472: =COUNT(K472:AI472) -> 13
A473: FRNLLincolnWCloverNRate200 | B473: LU_GEdwards | C473: WhiteClover | D473: 42663 | E473: 1 | F473: 200 | G473: 2016/17 | H473: Spring | I473: 2 | J473: Regrowth2 | K473: 156 | L473: 964.25 | M473: =IF(ISNUMBER(L473),L473/10,"") -> 96.425 | O473: =IF(ISNUMBER(N473),N473/10,"") | P473: =IF(ISNUMBER(O473),SUMIFS(O$1:$O473,A$1:$A473,A473,C$1:$C473,C473,G$1:$G473,G473,E$1:$E473,E473),"") | U473: =IF(ISNUMBER(R473),R473/100,"") | V473: 14.835063 | W473: 15.846052 | X473: 83.964424 | Y473: 16.919441 | Z473: 89.72924 | AA473: 32.909258 | AB473: 0.052654813 | AC473: =IF(ISNUMBER(AB473),AB473,"") -> 0.052654813 | AD473: 13.434308 | AE473: 15.930074 | AH473: =IF(AND(ISNUMBER(AB473),ISNUMBER(O473)),ROUND(O473*AB473,3),"") | AI473: =IF(ISNUMBER(AH473),SUMIFS($AH$1:AH473,$A$1:A473,A473,C$1:$C473,C473,$G$1:G473,G473,$E$1:E473,E473),"") | AJ473: =COUNT(K473:AI473) -> 13
A474: FRNLLincolnWCloverNRate350 | B474: LU_GEdwards | C474: WhiteClover | D474: 42663 | E474: 1 | F474: 350 | G474: 2016/17 | H474: Spring | I474: 2 | J474: Regrowth2 | K474: 272 | L474: 986.75 | M474: =IF(ISNUMBER(L474),L474/10,"") -> 98.675 | O474: =IF(ISNUMBER(N474),N474/10,"") | P474: =IF(ISNUMBER(O474),SUMIFS(O$1:$O474,A$1:$A474,A474,C$1:$C474,C474,G$1:$G474,G474,E$1:$E474,E474),"") | U474: =IF(ISNUMBER(R474),R474/100,"") | V474: 15.455901 | W474: 17.848682 | X474: 83.11314 | Y474: 17.159245 | Z474: 89.821312 | AA474: 30.939876 | AB474: 0.049503801 | AC474: =IF(ISNUMBER(AB474),AB474,"") -> 0.049503801 | AD474: 13.298102 | AE474: 15.925264 | AH474: =IF(AND(ISNUMBER(AB474),ISNUMBER(O474)),ROUND(O474*AB474,3),"") | AI474: =IF(ISNUMBER(AH474),SUMIFS($AH$1:AH474,$A$1:A474,A474,C$1:$C474,C474,$G$1:G474,G474,$E$1:E474,E474),"") | AJ474: =COUNT(K474:AI474) -> 13
A475: FRNLLincolnWCloverNRate500 | B475: LU_GEdwards | C475: WhiteClover | D475: 42663 | E475: 1 | F475: 500 | G475: 2016/17 | H475: Spring | I475: 2 | J475: Regrowth2 | K475: 389 | L475: 1135 | M475: =IF(ISNUMBER(L475),L475/10,"") -> 113.5 | O475: =IF(ISNUMBER(N475),N475/10,"") | P475: =IF(ISNUMBER(O475),SUMIFS(O$1:$O475,A$1:$A475,A475,C$1:$C475,C475,G$1:$G475,G475,E$1:$E475,E475),"") | U475: =IF(ISNUMBER(R475),R475/100,"") | V475: 14.938159 | W475: 18.717407 | X475: 84.384289 | Y475: 17.355824 | Z475: 90.530548 | AA475: 30.773355 | AB475: 0.049237369 | AC475: =IF(ISNUMBER(AB475),AB475,"") -> 0.049237369 | AD475: 13.501486 | AE475: 15.796401 | AH475: =IF(AND(ISNUMBER(AB475),ISNUMBER(O475)),ROUND(O475*AB475,3),"") | AI475: =IF(ISNUMBER(AH475),SUMIFS($AH$1:AH475,$A$1:A475,A475,C$1:$C475,C475,$G$1:G475,G475,$E$1:E475,E475),"") | AJ475: =COUNT(K475:AI475) -> 13
A476: FRNLLincolnWCloverNRate0 | B476: LU_GEdwards | C476: WhiteClover | D476: 42663 | E476: 2 | F476: 0 | G476: 2016/17 | H476: Spring | I476: 2 | J476: Regrowth2 | K476: 0 | L476: 961.25 | M476: =IF(ISNUMBER(L476),L476/10,"") -> 96.125 | O476: =IF(ISNUMBER(N476),N476/10,"") | P476: =IF(ISNUMBER(O476),SUMIFS(O$1:$O476,A$1:$A476,A476,C$1:$C476,C476,G$1:$G476,G476,E$1:$E476,E476),"") | U476: =IF(ISNUMBER(R476),R476/100,"") | V476: 15.032938 | W476: 16.440774 | X476: 83.259644 | Y476: 17.000726 | Z476: 89.630928 | AA476: 32.040857 | AB476: 0.051265372 | AC476: =IF(ISNUMBER(AB476),AB476,"") -> 0.051265372 | AD476: 13.321543 | AE476: 14.52963 | AH476: =IF(AND(ISNUMBER(AB476),ISNUMBER(O476)),ROUND(O476*AB476,3),"") | AI476: =IF(ISNUMBER(AH476),SUMIFS($AH$1:AH476,$A$1:A476,A476,C$1:$C476,C476,$G$1:G476,G476,$E$1:E476,E476),"") | AJ476: =COUNT(K476:AI476) -> 13
A477: FRNLLincolnWCloverNRate50 | B477: LU_GEdwards | C477: WhiteClover | D477: 42663 | E477: 2 | F477: 50 | G477: 2016/17 | H477: Spring | I477: 2 | J477: Regrowth2 | K477: 45 | L477: 966.75 | M477: =IF(ISNUMBER(L477),L477/10,"") -> 96.675 | O477: =IF(ISNUMBER(N477),N477/10,"") | P477: =IF(ISNUMBER(O477),SUMIFS(O$1:$O477,A$1:$A477,A477,C$1:$C477,C477,G$1:$G477,G477,E$1:$E477,E477),"") | U477: =IF(ISNUMBER(R477),R477/100,"") | V477: 15.943873 | W477: 18.125137 | X477: 83.586906 | Y477: 17.683134 | Z477: 90.445984 | AA477: 30.825373 | AB477: 0.049320596 | AC477: =IF(ISNUMBER(AB477),AB477,"") -> 0.049320596 | AD477: 13.373905 | AE477: 14.930687 | AH477: =IF(AND(ISNUMBER(AB477),ISNUMBER(O477)),ROUND(O477*AB477,3),"") | AI477: =IF(ISNUMBER(AH477),SUMIFS($AH$1:AH477,$A$1:A477,A477,C$1:$C477,C477,$G$1:G477,G477,$E$1:E477,E477),"") | AJ477: =COUNT(K477:AI477) -> 13
...

Sheet ObservedSpeciesMeans
A1: SimulationName | B1: Source | C1: ForageTreat | D1: Date | E1: Rep | F1: NRate | G1: GrowthSeason | H1: Season | I1: RegrowthRotation | J1: EvalStage | K1: ActualNRate | L1: AboveGroundWt_kgha | M1: AbovegroundWt | N1: HarvestedWt_kgha | O1: DefoliatedWt | P1: CumDefoliatedWt | Q1: WhiteClover.Population | R1: WhiteCloverFraction | S1: OtherSpeciesFraction | T1: DeadMaterialFraction | U1: CloverContent | V1: ADF % | W1: WSC% | X1: DOMD% | Y1: NDF% | Z1: OM% | AA1: CP% | AB1: HerbageNConc | AC1: AbovegroundLive.NConc | AD1: ME | AE1: DMcontent | AF1: LAI | AG1: LightExtinctionCoefficient | AH1: DefoliatedN | AI1: CumDefoliatedN | AJ1: COUNT | AK1: Nvals
A2: FRNLLincolnWCloverNRate0 | B2: LU_GEdwards | C2: WhiteClover | D2: 41935 | E2: 1 | F2: 0 | G2: 2014/15 | H2: Spring | I2: 1 | J2: Harvest | K2: =IF(ISNUMBER(AVERAGEIFS(ObservedSpeciesData!K$2:K$4955,ObservedSpeciesData!$A$2:$A$4955,$A2,ObservedSpeciesData!$D$2:$D$4955,$D2)),AVERAGEIFS(ObservedSpeciesData!K$2:K$4955,ObservedSpeciesData!$A$2:$A$4955,$A2,ObservedSpeciesData!$D$2:$D$4955,$D2),"") -> 0 | L2: =IF(ISNUMBER(AVERAGEIFS(ObservedSpeciesData!L$2:L$4955,ObservedSpeciesData!$A$2:$A$4955,$A2,ObservedSpeciesData!$D$2:$D$4955,$D2)),AVERAGEIFS(ObservedSpeciesData!L$2:L$4955,ObservedSpeciesData!$A$2:$A$4955,$A2,ObservedSpeciesData!$D$2:$D$4955,$D2),"") | M2: =IF(ISNUMBER(AVERAGEIFS(ObservedSpeciesData!M$2:M$4955,ObservedSpeciesData!$A$2:$A$4955,$A2,ObservedSpeciesData!$D$2:$D$4955,$D2)),AVERAGEIFS(ObservedSpeciesData!M$2:M$4955,ObservedSpeciesData!$A$2:$A$4955,$A2,ObservedSpeciesData!$D$2:$D$4955,$D2),"") | N2: =IF(ISNUMBER(AVERAGEIFS(ObservedSpeciesData!N$2:N$4955,ObservedSpeciesData!$A$2:$A$4955,$A2,ObservedSpeciesData!$D$2:$D$4955,$D2)),AVERAGEIFS(ObservedSpeciesData!N$2:N$4955,ObservedSpeciesData!$A$2:$A$4955,$A2,ObservedSpeciesData!$D$2:$D$4955,$D2),"") -> 2003.8844 | O2: =IF(ISNUMBER(AVERAGEIFS(ObservedSpeciesData!O$2:O$4955,ObservedSpeciesData!$A$2:$A$4955,$A2,ObservedSpeciesData!$D$2:$D$4955,$D2)),AVERAGEIFS(ObservedSpeciesData!O$2:O$4955,ObservedSpeciesData!$A$2:$A$4955,$A2,ObservedSpeciesData!$D$2:$D$4955,$D2),"") -> 200.38844 | P2: =IF(ISNUMBER(AVERAGEIFS(ObservedSpeciesData!P$2:P$4955,ObservedSpeciesData!$A$2:$A$4955,$A2,ObservedSpeciesData!$C$2:$C$4955,$C2,ObservedSpeciesData!$D$2:$D$4955,$D2)),AVERAGEIFS(ObservedSpeciesData!P$2:P$4955,ObservedSpeciesData!$A$2:$A$4955,$A2,ObservedSpeciesData!$C$2:$C$4955,$C2,ObservedSpeciesData!$D$2:$D$4955,$D2),"") -> 200.38844 | R2: =IF(ISNUMBER(AVERAGEIFS(ObservedSpeciesData!R$2:R$4955,ObservedSpeciesData!$A$2:$A$4955,$A2,ObservedSpeciesData!$D$2:$D$4955,$D2)),AVERAGEIFS(ObservedSpeciesData!R$2:R$4955,ObservedSpeciesData!$A$2:$A$4955,$A2,ObservedSpeciesData!$D$2:$D$4955,$D2),"") | S2: =IF(ISNUMBER(AVERAGEIFS(ObservedSpeciesData!S$2:S$4955,ObservedSpeciesData!$A$2:$A$4955,$A2,ObservedSpeciesData!$D$2:$D$4955,$D2)),AVERAGEIFS(ObservedSpeciesData!S$2:S$4955,ObservedSpeciesData!$A$2:$A$4955,$A2,ObservedSpeciesData!$D$2:$D$4955,$D2),"") | T2: =IF(ISNUMBER(AVERAGEIFS(ObservedSpeciesData!T$2:T$4955,ObservedSpeciesData!$A$2:$A$4955,$A2,ObservedSpeciesData!$D$2:$D$4955,$D2)),AVERAGEIFS(ObservedSpeciesData!T$2:T$4955,ObservedSpeciesData!$A$2:$A$4955,$A2,ObservedSpeciesData!$D$2:$D$4955,$D2),"") | U2: =IF(ISNUMBER(AVERAGEIFS(ObservedSpeciesData!U$2:U$4955,ObservedSpeciesData!$A$2:$A$4955,$A2,ObservedSpeciesData!$C$2:$C$4955,$C2,ObservedSpeciesData!$D$2:$D$4955,$D2)),AVERAGEIFS(ObservedSpeciesData!U$2:U$4955,ObservedSpeciesData!$A$2:$A$4955,$A2,ObservedSpeciesData!$C$2:$C$4955,$C2,ObservedSpeciesData!$D$2:$D$4955,$D2),"") | V2: =IF(ISNUMBER(AVERAGEIFS(ObservedSpeciesData!V$2:V$4955,ObservedSpeciesData!$A$2:$A$4955,$A2,ObservedSpeciesData!$D$2:$D$4955,$D2)),AVERAGEIFS(ObservedSpeciesData!V$2:V$4955,ObservedSpeciesData!$A$2:$A$4955,$A2,ObservedSpeciesData!$D$2:$D$4955,$D2),"") -> 20.139729 | W2: =IF(ISNUMBER(AVERAGEIFS(ObservedSpeciesData!W$2:W$4955,ObservedSpeciesData!$A$2:$A$4955,$A2,ObservedSpeciesData!$D$2:$D$4955,$D2)),AVERAGEIFS(ObservedSpeciesData!W$2:W$4955,ObservedSpeciesData!$A$2:$A$4955,$A2,ObservedSpeciesData!$D$2:$D$4955,$D2),"") -> 14.024068 | X2: =IF(ISNUMBER(AVERAGEIFS(ObservedSpeciesData!X$2:X$4955,ObservedSpeciesData!$A$2:$A$4955,$A2,ObservedSpeciesData!$D$2:$D$4955,$D2)),AVERAGEIFS(ObservedSpeciesData!X$2:X$4955,ObservedSpeciesData!$A$2:$A$4955,$A2,ObservedSpeciesData!$D$2:$D$4955,$D2),"") -> 76.616493 | Y2: =IF(ISNUMBER(AVERAGEIFS(ObservedSpeciesData!Y$2:Y$4955,ObservedSpeciesData!$A$2:$A$4955,$A2,ObservedSpeciesData!$D$2:$D$4955,$D2)),AVERAGEIFS(ObservedSpeciesData!Y$2:Y$4955,ObservedSpeciesData!$A$2:$A$4955,$A2,ObservedSpeciesData!$D$2:$D$4955,$D2),"") -> 26.252035 | Z2: =IF(ISNUMBER(AVERAGEIFS(ObservedSpeciesData!Z$2:Z$4955,ObservedSpeciesData!$A$2:$A$4955,$A2,ObservedSpeciesData!$D$2:$D$4955,$D2)),AVERAGEIFS(ObservedSpeciesData!Z$2:Z$4955,ObservedSpeciesData!$A$2:$A$4955,$A2,ObservedSpeciesData!$D$2:$D$4955,$D2),"") -> 88.393574 | AA2: =IF(ISNUMBER(AVERAGEIFS(ObservedSpeciesData!AA$2:AA$4955,ObservedSpeciesData!$A$2:$A$4955,$A2,ObservedSpeciesData!$D$2:$D$4955,$D2)),AVERAGEIFS(ObservedSpeciesData!AA$2:AA$4955,ObservedSpeciesData!$A$2:$A$4955,$A2,ObservedSpeciesData!$D$2:$D$4955,$D2),"") -> 25.42699 | AB2: =IF(ISNUMBER(AVERAGEIFS(ObservedSpeciesData!AB$2:AB$4955,ObservedSpeciesData!$A$2:$A$4955,$A2,ObservedSpeciesData!$D$2:$D$4955,$D2)),AVERAGEIFS(ObservedSpeciesData!AB$2:AB$4955,ObservedSpeciesData!$A$2:$A$4955,$A2,ObservedSpeciesData!$D$2:$D$4955,$D2),"") -> 0.040683184 | AC2: =IF(ISNUMBER(AVERAGEIFS(ObservedSpeciesData!AC$2:AC$4955,ObservedSpeciesData!$A$2:$A$4955,$A2,ObservedSpeciesData!$D$2:$D$4955,$D2)),AVERAGEIFS(ObservedSpeciesData!AC$2:AC$4955,ObservedSpeciesData!$A$2:$A$4955,$A2,ObservedSpeciesData!$D$2:$D$4955,$D2),"") -> 0.040683184 | ... AE2: =IF(ISNUMBER(AVERAGEIFS(ObservedSpeciesData!AE$2:AE$4955,ObservedSpeciesData!$A$2:$A$4955,$A2,ObservedSpeciesData!$D$2:$D$4955,$D2)),AVERAGEIFS(ObservedSpeciesData!AE$2:AE$4955,ObservedSpeciesData!$A$2:$A$4955,$A2,ObservedSpeciesData!$D$2:$D$4955,$D2),"") -> 20.946009 | AH2: =IF(ISNUMBER(AVERAGEIFS(ObservedSpeciesData!AH$2:AH$4955,ObservedSpeciesData!$A$2:$A$4955,$A2,ObservedSpeciesData!$D$2:$D$4955,$D2)),AVERAGEIFS(ObservedSpeciesData!AH$2:AH$4955,ObservedSpeciesData!$A$2:$A$4955,$A2,ObservedSpeciesData!$D$2:$D$4955,$D2),"") -> 7.974 | AI2: =IF(ISNUMBER(AVERAGEIFS(ObservedSpeciesData!AI$2:AI$4955,ObservedSpeciesData!$A$2:$A$4955,$A2,ObservedSpeciesData!$C$2:$C$4955,$C2,ObservedSpeciesData!$D$2:$D$4955,$D2)),AVERAGEIFS(ObservedSpeciesData!AI$2:AI$4955,ObservedSpeciesData!$A$2:$A$4955,$A2,ObservedSpeciesData!$C$2:$C$4955,$C2,ObservedSpeciesData!$D$2:$D$4955,$D2),"") -> 7.974 | AJ2: =COUNTIFS(ObservedSpeciesData!$A$2:$A$828,$A2,ObservedSpeciesData!$D$2:$D$828,$D2) -> 4 | AK2: =COUNT(M2:AI2) -> 15
A3: FRNLLincolnWCloverNRate50 | B3: LU_GEdwards | C3: WhiteClover | D3: 41935 | E3: 1 | F3: 50 | G3: 2014/15 | H3: Spring | I3: 1 | J3: Harvest | K3: =IF(ISNUMBER(AVERAGEIFS(ObservedSpeciesData!K$2:K$4955,ObservedSpeciesData!$A$2:$A$4955,$A3,ObservedSpeciesData!$D$2:$D$4955,$D3)),AVERAGEIFS(ObservedSpeciesData!K$2:K$4955,ObservedSpeciesData!$A$2:$A$4955,$A3,ObservedSpeciesData!$D$2:$D$4955,$D3),"") -> 67.2 | L3: =IF(ISNUMBER(AVERAGEIFS(ObservedSpeciesData!L$2:L$4955,ObservedSpeciesData!$A$2:$A$4955,$A3,ObservedSpeciesData!$D$2:$D$4955,$D3)),AVERAGEIFS(ObservedSpeciesData!L$2:L$4955,ObservedSpeciesData!$A$2:$A$4955,$A3,ObservedSpeciesData!$D$2:$D$4955,$D3),"") | M3: =IF(ISNUMBER(AVERAGEIFS(ObservedSpeciesData!M$2:M$4955,ObservedSpeciesData!$A$2:$A$4955,$A3,ObservedSpeciesData!$D$2:$D$4955,$D3)),AVERAGEIFS(ObservedSpeciesData!M$2:M$4955,ObservedSpeciesData!$A$2:$A$4955,$A3,ObservedSpeciesData!$D$2:$D$4955,$D3),"") | N3: =IF(ISNUMBER(AVERAGEIFS(ObservedSpeciesData!N$2:N$4955,ObservedSpeciesData!$A$2:$A$4955,$A3,ObservedSpeciesData!$D$2:$D$4955,$D3)),AVERAGEIFS(ObservedSpeciesData!N$2:N$4955,ObservedSpeciesData!$A$2:$A$4955,$A3,ObservedSpeciesData!$D$2:$D$4955,$D3),"") -> 2237.4425 | O3: =IF(ISNUMBER(AVERAGEIFS(ObservedSpeciesData!O$2:O$4955,ObservedSpeciesData!$A$2:$A$4955,$A3,ObservedSpeciesData!$D$2:$D$4955,$D3)),AVERAGEIFS(ObservedSpeciesData!O$2:O$4955,ObservedSpeciesData!$A$2:$A$4955,$A3,ObservedSpeciesData!$D$2:$D$4955,$D3),"") -> 223.74425 | P3: =IF(ISNUMBER(AVERAGEIFS(ObservedSpeciesData!P$2:P$4955,ObservedSpeciesData!$A$2:$A$4955,$A3,ObservedSpeciesData!$C$2:$C$4955,$C3,ObservedSpeciesData!$D$2:$D$4955,$D3)),AVERAGEIFS(ObservedSpeciesData!P$2:P$4955,ObservedSpeciesData!$A$2:$A$4955,$A3,ObservedSpeciesData!$C$2:$C$4955,$C3,ObservedSpeciesData!$D$2:$D$4955,$D3),"") -> 246.67808 | R3: =IF(ISNUMBER(AVERAGEIFS(ObservedSpeciesData!R$2:R$4955,ObservedSpeciesData!$A$2:$A$4955,$A3,ObservedSpeciesData!$D$2:$D$4955,$D3)),AVERAGEIFS(ObservedSpeciesData!R$2:R$4955,ObservedSpeciesData!$A$2:$A$4955,$A3,ObservedSpeciesData!$D$2:$D$4955,$D3),"") | S3: =IF(ISNUMBER(AVERAGEIFS(ObservedSpeciesData!S$2:S$4955,ObservedSpeciesData!$A$2:$A$4955,$A3,ObservedSpeciesData!$D$2:$D$4955,$D3)),AVERAGEIFS(ObservedSpeciesData!S$2:S$4955,ObservedSpeciesData!$A$2:$A$4955,$A3,ObservedSpeciesData!$D$2:$D$4955,$D3),"") | T3: =IF(ISNUMBER(AVERAGEIFS(ObservedSpeciesData!T$2:T$4955,ObservedSpeciesData!$A$2:$A$4955,$A3,ObservedSpeciesData!$D$2:$D$4955,$D3)),AVERAGEIFS(ObservedSpeciesData!T$2:T$4955,ObservedSpeciesData!$A$2:$A$4955,$A3,ObservedSpeciesData!$D$2:$D$4955,$D3),"") | U3: =IF(ISNUMBER(AVERAGEIFS(ObservedSpeciesData!U$2:U$4955,ObservedSpeciesData!$A$2:$A$4955,$A3,ObservedSpeciesData!$C$2:$C$4955,$C3,ObservedSpeciesData!$D$2:$D$4955,$D3)),AVERAGEIFS(ObservedSpeciesData!U$2:U$4955,ObservedSpeciesData!$A$2:$A$4955,$A3,ObservedSpeciesData!$C$2:$C$4955,$C3,ObservedSpeciesData!$D$2:$D$4955,$D3),"") | V3: =IF(ISNUMBER(AVERAGEIFS(ObservedSpeciesData!V$2:V$4955,ObservedSpeciesData!$A$2:$A$4955,$A3,ObservedSpeciesData!$D$2:$D$4955,$D3)),AVERAGEIFS(ObservedSpeciesData!V$2:V$4955,ObservedSpeciesData!$A$2:$A$4955,$A3,ObservedSpeciesData!$D$2:$D$4955,$D3),"") -> 19.113778 | W3: =IF(ISNUMBER(AVERAGEIFS(ObservedSpeciesData!W$2:W$4955,ObservedSpeciesData!$A$2:$A$4955,$A3,ObservedSpeciesData!$D$2:$D$4955,$D3)),AVERAGEIFS(ObservedSpeciesData!W$2:W$4955,ObservedSpeciesData!$A$2:$A$4955,$A3,ObservedSpeciesData!$D$2:$D$4955,$D3),"") -> 14.048835 | X3: =IF(ISNUMBER(AVERAGEIFS(ObservedSpeciesData!X$2:X$4955,ObservedSpeciesData!$A$2:$A$4955,$A3,ObservedSpeciesData!$D$2:$D$4955,$D3)),AVERAGEIFS(ObservedSpeciesData!X$2:X$4955,ObservedSpeciesData!$A$2:$A$4955,$A3,ObservedSpeciesData!$D$2:$D$4955,$D3),"") -> 78.241887 | Y3: =IF(ISNUMBER(AVERAGEIFS(ObservedSpeciesData!Y$2:Y$4955,ObservedSpeciesData!$A$2:$A$4955,$A3,ObservedSpeciesData!$D$2:$D$4955,$D3)),AVERAGEIFS(ObservedSpeciesData!Y$2:Y$4955,ObservedSpeciesData!$A$2:$A$4955,$A3,ObservedSpeciesData!$D$2:$D$4955,$D3),"") -> 24.470588 | Z3: =IF(ISNUMBER(AVERAGEIFS(ObservedSpeciesData!Z$2:Z$4955,ObservedSpeciesData!$A$2:$A$4955,$A3,ObservedSpeciesData!$D$2:$D$4955,$D3)),AVERAGEIFS(ObservedSpeciesData!Z$2:Z$4955,ObservedSpeciesData!$A$2:$A$4955,$A3,ObservedSpeciesData!$D$2:$D$4955,$D3),"") -> 88.290534 | AA3: =IF(ISNUMBER(AVERAGEIFS(ObservedSpeciesData!AA$2:AA$4955,ObservedSpeciesData!$A$2:$A$4955,$A3,ObservedSpeciesData!$D$2:$D$4955,$D3)),AVERAGEIFS(ObservedSpeciesData!AA$2:AA$4955,ObservedSpeciesData!$A$2:$A$4955,$A3,ObservedSpeciesData!$D$2:$D$4955,$D3),"") -> 26.12659 | AB3: =IF(ISNUMBER(AVERAGEIFS(ObservedSpeciesData!AB$2:AB$4955,ObservedSpeciesData!$A$2:$A$4955,$A3,ObservedSpeciesData!$D$2:$D$4955,$D3)),AVERAGEIFS(ObservedSpeciesData!AB$2:AB$4955,ObservedSpeciesData!$A$2:$A$4955,$A3,ObservedSpeciesData!$D$2:$D$4955,$D3),"") -> 0.041802545 | AC3: =IF(ISNUMBER(AVERAGEIFS(ObservedSpeciesData!AC$2:AC$4955,ObservedSpeciesData!$A$2:$A$4955,$A3,ObservedSpeciesData!$D$2:$D$4955,$D3)),AVERAGEIFS(ObservedSpeciesData!AC$2:AC$4955,ObservedSpeciesData!$A$2:$A$4955,$A3,ObservedSpeciesData!$D$2:$D$4955,$D3),"") -> 0.041802545 | ... AE3: =IF(ISNUMBER(AVERAGEIFS(ObservedSpeciesData!AE$2:AE$4955,ObservedSpeciesData!$A$2:$A$4955,$A3,ObservedSpeciesData!$D$2:$D$4955,$D3)),AVERAGEIFS(ObservedSpeciesData!AE$2:AE$4955,ObservedSpeciesData!$A$2:$A$4955,$A3,ObservedSpeciesData!$D$2:$D$4955,$D3),"") -> 19.487121 | AH3: =IF(ISNUMBER(AVERAGEIFS(ObservedSpeciesData!AH$2:AH$4955,ObservedSpeciesData!$A$2:$A$4955,$A3,ObservedSpeciesData!$D$2:$D$4955,$D3)),AVERAGEIFS(ObservedSpeciesData!AH$2:AH$4955,ObservedSpeciesData!$A$2:$A$4955,$A3,ObservedSpeciesData!$D$2:$D$4955,$D3),"") -> 9.2314 | AI3: =IF(ISNUMBER(AVERAGEIFS(ObservedSpeciesData!AI$2:AI$4955,ObservedSpeciesData!$A$2:$A$4955,$A3,ObservedSpeciesData!$C$2:$C$4955,$C3,ObservedSpeciesData!$D$2:$D$4955,$D3)),AVERAGEIFS(ObservedSpeciesData!AI$2:AI$4955,ObservedSpeciesData!$A$2:$A$4955,$A3,ObservedSpeciesData!$C$2:$C$4955,$C3,ObservedSpeciesData!$D$2:$D$4955,$D3),"") -> 10.2964 | AJ3: =COUNTIFS(ObservedSpeciesData!$A$2:$A$828,$A3,ObservedSpeciesData!$D$2:$D$828,$D3) -> 5 | AK3: =COUNT(M3:AI3) -> 15
A4: FRNLLincolnWCloverNRate100 | B4: LU_GEdwards | C4: WhiteClover | D4: 41935 | E4: 1 | F4: 100 | G4: 2014/15 | H4: Spring | I4: 1 | J4: Harvest | K4: =IF(ISNUMBER(AVERAGEIFS(ObservedSpeciesData!K$2:K$4955,ObservedSpeciesData!$A$2:$A$4955,$A4,ObservedSpeciesData!$D$2:$D$4955,$D4)),AVERAGEIFS(ObservedSpeciesData!K$2:K$4955,ObservedSpeciesData!$A$2:$A$4955,$A4,ObservedSpeciesData!$D$2:$D$4955,$D4),"") -> 78 | L4: =IF(ISNUMBER(AVERAGEIFS(ObservedSpeciesData!L$2:L$4955,ObservedSpeciesData!$A$2:$A$4955,$A4,ObservedSpeciesData!$D$2:$D$4955,$D4)),AVERAGEIFS(ObservedSpeciesData!L$2:L$4955,ObservedSpeciesData!$A$2:$A$4955,$A4,ObservedSpeciesData!$D$2:$D$4955,$D4),"") | M4: =IF(ISNUMBER(AVERAGEIFS(ObservedSpeciesData!M$2:M$4955,ObservedSpeciesData!$A$2:$A$4955,$A4,ObservedSpeciesData!$D$2:$D$4955,$D4)),AVERAGEIFS(ObservedSpeciesData!M$2:M$4955,ObservedSpeciesData!$A$2:$A$4955,$A4,ObservedSpeciesData!$D$2:$D$4955,$D4),"") | N4: =IF(ISNUMBER(AVERAGEIFS(ObservedSpeciesData!N$2:N$4955,ObservedSpeciesData!$A$2:$A$4955,$A4,ObservedSpeciesData!$D$2:$D$4955,$D4)),AVERAGEIFS(ObservedSpeciesData!N$2:N$4955,ObservedSpeciesData!$A$2:$A$4955,$A4,ObservedSpeciesData!$D$2:$D$4955,$D4),"") -> 2548.3333 | O4: =IF(ISNUMBER(AVERAGEIFS(ObservedSpeciesData!O$2:O$4955,ObservedSpeciesData!$A$2:$A$4955,$A4,ObservedSpeciesData!$D$2:$D$4955,$D4)),AVERAGEIFS(ObservedSpeciesData!O$2:O$4955,ObservedSpeciesData!$A$2:$A$4955,$A4,ObservedSpeciesData!$D$2:$D$4955,$D4),"") -> 254.83333 | P4: =IF(ISNUMBER(AVERAGEIFS(ObservedSpeciesData!P$2:P$4955,ObservedSpeciesData!$A$2:$A$4955,$A4,ObservedSpeciesData!$C$2:$C$4955,$C4,ObservedSpeciesData!$D$2:$D$4955,$D4)),AVERAGEIFS(ObservedSpeciesData!P$2:P$4955,ObservedSpeciesData!$A$2:$A$4955,$A4,ObservedSpeciesData!$C$2:$C$4955,$C4,ObservedSpeciesData!$D$2:$D$4955,$D4),"") -> 254.83333 | R4: =IF(ISNUMBER(AVERAGEIFS(ObservedSpeciesData!R$2:R$4955,ObservedSpeciesData!$A$2:$A$4955,$A4,ObservedSpeciesData!$D$2:$D$4955,$D4)),AVERAGEIFS(ObservedSpeciesData!R$2:R$4955,ObservedSpeciesData!$A$2:$A$4955,$A4,ObservedSpeciesData!$D$2:$D$4955,$D4),"") | S4: =IF(ISNUMBER(AVERAGEIFS(ObservedSpeciesData!S$2:S$4955,ObservedSpeciesData!$A$2:$A$4955,$A4,ObservedSpeciesData!$D$2:$D$4955,$D4)),AVERAGEIFS(ObservedSpeciesData!S$2:S$4955,ObservedSpeciesData!$A$2:$A$4955,$A4,ObservedSpeciesData!$D$2:$D$4955,$D4),"") | T4: =IF(ISNUMBER(AVERAGEIFS(ObservedSpeciesData!T$2:T$4955,ObservedSpeciesData!$A$2:$A$4955,$A4,ObservedSpeciesData!$D$2:$D$4955,$D4)),AVERAGEIFS(ObservedSpeciesData!T$2:T$4955,ObservedSpeciesData!$A$2:$A$4955,$A4,ObservedSpeciesData!$D$2:$D$4955,$D4),"") | U4: =IF(ISNUMBER(AVERAGEIFS(ObservedSpeciesData!U$2:U$4955,ObservedSpeciesData!$A$2:$A$4955,$A4,ObservedSpeciesData!$C$2:$C$4955,$C4,ObservedSpeciesData!$D$2:$D$4955,$D4)),AVERAGEIFS(ObservedSpeciesData!U$2:U$4955,ObservedSpeciesData!$A$2:$A$4955,$A4,ObservedSpeciesData!$C$2:$C$4955,$C4,ObservedSpeciesData!$D$2:$D$4955,$D4),"") | V4: =IF(ISNUMBER(AVERAGEIFS(ObservedSpeciesData!V$2:V$4955,ObservedSpeciesData!$A$2:$A$4955,$A4,ObservedSpeciesData!$D$2:$D$4955,$D4)),AVERAGEIFS(ObservedSpeciesData!V$2:V$4955,ObservedSpeciesData!$A$2:$A$4955,$A4,ObservedSpeciesData!$D$2:$D$4955,$D4),"") -> 19.042277 | W4: =IF(ISNUMBER(AVERAGEIFS(ObservedSpeciesData!W$2:W$4955,ObservedSpeciesData!$A$2:$A$4955,$A4,ObservedSpeciesData!$D$2:$D$4955,$D4)),AVERAGEIFS(ObservedSpeciesData!W$2:W$4955,ObservedSpeciesData!$A$2:$A$4955,$A4,ObservedSpeciesData!$D$2:$D$4955,$D4),"") -> 13.402442 | X4: =IF(ISNUMBER(AVERAGEIFS(ObservedSpeciesData!X$2:X$4955,ObservedSpeciesData!$A$2:$A$4955,$A4,ObservedSpeciesData!$D$2:$D$4955,$D4)),AVERAGEIFS(ObservedSpeciesData!X$2:X$4955,ObservedSpeciesData!$A$2:$A$4955,$A4,ObservedSpeciesData!$D$2:$D$4955,$D4),"") -> 77.466471 | Y4: =IF(ISNUMBER(AVERAGEIFS(ObservedSpeciesData!Y$2:Y$4955,ObservedSpeciesData!$A$2:$A$4955,$A4,ObservedSpeciesData!$D$2:$D$4955,$D4)),AVERAGEIFS(ObservedSpeciesData!Y$2:Y$4955,ObservedSpeciesData!$A$2:$A$4955,$A4,ObservedSpeciesData!$D$2:$D$4955,$D4),"") -> 24.484552 | Z4: =IF(ISNUMBER(AVERAGEIFS(ObservedSpeciesData!Z$2:Z$4955,ObservedSpeciesData!$A$2:$A$4955,$A4,ObservedSpeciesData!$D$2:$D$4955,$D4)),AVERAGEIFS(ObservedSpeciesData!Z$2:Z$4955,ObservedSpeciesData!$A$2:$A$4955,$A4,ObservedSpeciesData!$D$2:$D$4955,$D4),"") -> 87.936332 | AA4: =IF(ISNUMBER(AVERAGEIFS(ObservedSpeciesData!AA$2:AA$4955,ObservedSpeciesData!$A$2:$A$4955,$A4,ObservedSpeciesData!$D$2:$D$4955,$D4)),AVERAGEIFS(ObservedSpeciesData!AA$2:AA$4955,ObservedSpeciesData!$A$2:$A$4955,$A4,ObservedSpeciesData!$D$2:$D$4955,$D4),"") -> 25.69217 | AB4: =IF(ISNUMBER(AVERAGEIFS(ObservedSpeciesData!AB$2:AB$4955,ObservedSpeciesData!$A$2:$A$4955,$A4,ObservedSpeciesData!$D$2:$D$4955,$D4)),AVERAGEIFS(ObservedSpeciesData!AB$2:AB$4955,ObservedSpeciesData!$A$2:$A$4955,$A4,ObservedSpeciesData!$D$2:$D$4955,$D4),"") -> 0.041107472 | AC4: =IF(ISNUMBER(AVERAGEIFS(ObservedSpeciesData!AC$2:AC$4955,ObservedSpeciesData!$A$2:$A$4955,$A4,ObservedSpeciesData!$D$2:$D$4955,$D4)),AVERAGEIFS(ObservedSpeciesData!AC$2:AC$4955,ObservedSpeciesData!$A$2:$A$4955,$A4,ObservedSpeciesData!$D$2:$D$4955,$D4),"") -> 0.041107472 | ... AE4: =IF(ISNUMBER(AVERAGEIFS(ObservedSpeciesData!AE$2:AE$4955,ObservedSpeciesData!$A$2:$A$4955,$A4,ObservedSpeciesData!$D$2:$D$4955,$D4)),AVERAGEIFS(ObservedSpeciesData!AE$2:AE$4955,ObservedSpeciesData!$A$2:$A$4955,$A4,ObservedSpeciesData!$D$2:$D$4955,$D4),"") -> 19.276489 | AH4: =IF(ISNUMBER(AVERAGEIFS(ObservedSpeciesData!AH$2:AH$4955,ObservedSpeciesData!$A$2:$A$4955,$A4,ObservedSpeciesData!$D$2:$D$4955,$D4)),AVERAGEIFS(ObservedSpeciesData!AH$2:AH$4955,ObservedSpeciesData!$A$2:$A$4955,$A4,ObservedSpeciesData!$D$2:$D$4955,$D4),"") -> 10.41375 | AI4: =IF(ISNUMBER(AVERAGEIFS(ObservedSpeciesData!AI$2:AI$4955,ObservedSpeciesData!$A$2:$A$4955,$A4,ObservedSpeciesData!$C$2:$C$4955,$C4,ObservedSpeciesData!$D$2:$D$4955,$D4)),AVERAGEIFS(ObservedSpeciesData!AI$2:AI$4955,ObservedSpeciesData!$A$2:$A$4955,$A4,ObservedSpeciesData!$C$2:$C$4955,$C4,ObservedSpeciesData!$D$2:$D$4955,$D4),"") -> 10.41375 | AJ4: =COUNTIFS(ObservedSpeciesData!$A$2:$A$828,$A4,ObservedSpeciesData!$D$2:$D$828,$D4) -> 4 | AK4: =COUNT(M4:AI4) -> 15
A5: FRNLLincolnWCloverNRate200 | B5: LU_GEdwards | C5: WhiteClover | D5: 41935 | E5: 1 | F5: 200 | G5: 2014/15 | H5: Spring | I5: 1 | J5: Harvest | K5: =IF(ISNUMBER(AVERAGEIFS(ObservedSpeciesData!K$2:K$4955,ObservedSpeciesData!$A$2:$A$4955,$A5,ObservedSpeciesData!$D$2:$D$4955,$D5)),AVERAGEIFS(ObservedSpeciesData!K$2:K$4955,ObservedSpeciesData!$A$2:$A$4955,$A5,ObservedSpeciesData!$D$2:$D$4955,$D5),"") -> 156 | L5: =IF(ISNUMBER(AVERAGEIFS(ObservedSpeciesData!L$2:L$4955,ObservedSpeciesData!$A$2:$A$4955,$A5,ObservedSpeciesData!$D$2:$D$4955,$D5)),AVERAGEIFS(ObservedSpeciesData!L$2:L$4955,ObservedSpeciesData!$A$2:$A$4955,$A5,ObservedSpeciesData!$D$2:$D$4955,$D5),"") | M5: =IF(ISNUMBER(AVERAGEIFS(ObservedSpeciesData!M$2:M$4955,ObservedSpeciesData!$A$2:$A$4955,$A5,ObservedSpeciesData!$D$2:$D$4955,$D5)),AVERAGEIFS(ObservedSpeciesData!M$2:M$4955,ObservedSpeciesData!$A$2:$A$4955,$A5,ObservedSpeciesData!$D$2:$D$4955,$D5),"") | N5: =IF(ISNUMBER(AVERAGEIFS(ObservedSpeciesData!N$2:N$4955,ObservedSpeciesData!$A$2:$A$4955,$A5,ObservedSpeciesData!$D$2:$D$4955,$D5)),AVERAGEIFS(ObservedSpeciesData!N$2:N$4955,ObservedSpeciesData!$A$2:$A$4955,$A5,ObservedSpeciesData!$D$2:$D$4955,$D5),"") -> 2366.006 | O5: =IF(ISNUMBER(AVERAGEIFS(ObservedSpeciesData!O$2:O$4955,ObservedSpeciesData!$A$2:$A$4955,$A5,ObservedSpeciesData!$D$2:$D$4955,$D5)),AVERAGEIFS(ObservedSpeciesData!O$2:O$4955,ObservedSpeciesData!$A$2:$A$4955,$A5,ObservedSpeciesData!$D$2:$D$4955,$D5),"") -> 236.6006 | P5: =IF(ISNUMBER(AVERAGEIFS(ObservedSpeciesData!P$2:P$4955,ObservedSpeciesData!$A$2:$A$4955,$A5,ObservedSpeciesData!$C$2:$C$4955,$C5,ObservedSpeciesData!$D$2:$D$4955,$D5)),AVERAGEIFS(ObservedSpeciesData!P$2:P$4955,ObservedSpeciesData!$A$2:$A$4955,$A5,ObservedSpeciesData!$C$2:$C$4955,$C5,ObservedSpeciesData!$D$2:$D$4955,$D5),"") -> 236.6006 | R5: =IF(ISNUMBER(AVERAGEIFS(ObservedSpeciesData!R$2:R$4955,ObservedSpeciesData!$A$2:$A$4955,$A5,ObservedSpeciesData!$D$2:$D$4955,$D5)),AVERAGEIFS(ObservedSpeciesData!R$2:R$4955,ObservedSpeciesData!$A$2:$A$4955,$A5,ObservedSpeciesData!$D$2:$D$4955,$D5),"") | S5: =IF(ISNUMBER(AVERAGEIFS(ObservedSpeciesData!S$2:S$4955,ObservedSpeciesData!$A$2:$A$4955,$A5,ObservedSpeciesData!$D$2:$D$4955,$D5)),AVERAGEIFS(ObservedSpeciesData!S$2:S$4955,ObservedSpeciesData!$A$2:$A$4955,$A5,ObservedSpeciesData!$D$2:$D$4955,$D5),"") | T5: =IF(ISNUMBER(AVERAGEIFS(ObservedSpeciesData!T$2:T$4955,ObservedSpeciesData!$A$2:$A$4955,$A5,ObservedSpeciesData!$D$2:$D$4955,$D5)),AVERAGEIFS(ObservedSpeciesData!T$2:T$4955,ObservedSpeciesData!$A$2:$A$4955,$A5,ObservedSpeciesData!$D$2:$D$4955,$D5),"") | U5: =IF(ISNUMBER(AVERAGEIFS(ObservedSpeciesData!U$2:U$4955,ObservedSpeciesData!$A$2:$A$4955,$A5,ObservedSpeciesData!$C$2:$C$4955,$C5,ObservedSpeciesData!$D$2:$D$4955,$D5)),AVERAGEIFS(ObservedSpeciesData!U$2:U$4955,ObservedSpeciesData!$A$2:$A$4955,$A5,ObservedSpeciesData!$C$2:$C$4955,$C5,ObservedSpeciesData!$D$2:$D$4955,$D5),"") | V5: =IF(ISNUMBER(AVERAGEIFS(ObservedSpeciesData!V$2:V$4955,ObservedSpeciesData!$A$2:$A$4955,$A5,ObservedSpeciesData!$D$2:$D$4955,$D5)),AVERAGEIFS(ObservedSpeciesData!V$2:V$4955,ObservedSpeciesData!$A$2:$A$4955,$A5,ObservedSpeciesData!$D$2:$D$4955,$D5),"") -> 19.34875 | W5: =IF(ISNUMBER(AVERAGEIFS(ObservedSpeciesData!W$2:W$4955,ObservedSpeciesData!$A$2:$A$4955,$A5,ObservedSpeciesData!$D$2:$D$4955,$D5)),AVERAGEIFS(ObservedSpeciesData!W$2:W$4955,ObservedSpeciesData!$A$2:$A$4955,$A5,ObservedSpeciesData!$D$2:$D$4955,$D5),"") -> 13.226187 | X5: =IF(ISNUMBER(AVERAGEIFS(ObservedSpeciesData!X$2:X$4955,ObservedSpeciesData!$A$2:$A$4955,$A5,ObservedSpeciesData!$D$2:$D$4955,$D5)),AVERAGEIFS(ObservedSpeciesData!X$2:X$4955,ObservedSpeciesData!$A$2:$A$4955,$A5,ObservedSpeciesData!$D$2:$D$4955,$D5),"") -> 76.045074 | Y5: =IF(ISNUMBER(AVERAGEIFS(ObservedSpeciesData!Y$2:Y$4955,ObservedSpeciesData!$A$2:$A$4955,$A5,ObservedSpeciesData!$D$2:$D$4955,$D5)),AVERAGEIFS(ObservedSpeciesData!Y$2:Y$4955,ObservedSpeciesData!$A$2:$A$4955,$A5,ObservedSpeciesData!$D$2:$D$4955,$D5),"") -> 26.175764 | Z5: =IF(ISNUMBER(AVERAGEIFS(ObservedSpeciesData!Z$2:Z$4955,ObservedSpeciesData!$A$2:$A$4955,$A5,ObservedSpeciesData!$D$2:$D$4955,$D5)),AVERAGEIFS(ObservedSpeciesData!Z$2:Z$4955,ObservedSpeciesData!$A$2:$A$4955,$A5,ObservedSpeciesData!$D$2:$D$4955,$D5),"") -> 87.664403 | AA5: =IF(ISNUMBER(AVERAGEIFS(ObservedSpeciesData!AA$2:AA$4955,ObservedSpeciesData!$A$2:$A$4955,$A5,ObservedSpeciesData!$D$2:$D$4955,$D5)),AVERAGEIFS(ObservedSpeciesData!AA$2:AA$4955,ObservedSpeciesData!$A$2:$A$4955,$A5,ObservedSpeciesData!$D$2:$D$4955,$D5),"") -> 24.123562 | AB5: =IF(ISNUMBER(AVERAGEIFS(ObservedSpeciesData!AB$2:AB$4955,ObservedSpeciesData!$A$2:$A$4955,$A5,ObservedSpeciesData!$D$2:$D$4955,$D5)),AVERAGEIFS(ObservedSpeciesData!AB$2:AB$4955,ObservedSpeciesData!$A$2:$A$4955,$A5,ObservedSpeciesData!$D$2:$D$4955,$D5),"") -> 0.038597699 | AC5: =IF(ISNUMBER(AVERAGEIFS(ObservedSpeciesData!AC$2:AC$4955,ObservedSpeciesData!$A$2:$A$4955,$A5,ObservedSpeciesData!$D$2:$D$4955,$D5)),AVERAGEIFS(ObservedSpeciesData!AC$2:AC$4955,ObservedSpeciesData!$A$2:$A$4955,$A5,ObservedSpeciesData!$D$2:$D$4955,$D5),"") -> 0.038597699 | ... AE5: =IF(ISNUMBER(AVERAGEIFS(ObservedSpeciesData!AE$2:AE$4955,ObservedSpeciesData!$A$2:$A$4955,$A5,ObservedSpeciesData!$D$2:$D$4955,$D5)),AVERAGEIFS(ObservedSpeciesData!AE$2:AE$4955,ObservedSpeciesData!$A$2:$A$4955,$A5,ObservedSpeciesData!$D$2:$D$4955,$D5),"") -> 21.158991 | AH5: =IF(ISNUMBER(AVERAGEIFS(ObservedSpeciesData!AH$2:AH$4955,ObservedSpeciesData!$A$2:$A$4955,$A5,ObservedSpeciesData!$D$2:$D$4955,$D5)),AVERAGEIFS(ObservedSpeciesData!AH$2:AH$4955,ObservedSpeciesData!$A$2:$A$4955,$A5,ObservedSpeciesData!$D$2:$D$4955,$D5),"") -> 9.088 | AI5: =IF(ISNUMBER(AVERAGEIFS(ObservedSpeciesData!AI$2:AI$4955,ObservedSpeciesData!$A$2:$A$4955,$A5,ObservedSpeciesData!$C$2:$C$4955,$C5,ObservedSpeciesData!$D$2:$D$4955,$D5)),AVERAGEIFS(ObservedSpeciesData!AI$2:AI$4955,ObservedSpeciesData!$A$2:$A$4955,$A5,ObservedSpeciesData!$C$2:$C$4955,$C5,ObservedSpeciesData!$D$2:$D$4955,$D5),"") -> 9.088 | AJ5: =COUNTIFS(ObservedSpeciesData!$A$2:$A$828,$A5,ObservedSpeciesData!$D$2:$D$828,$D5) -> 3 | AK5: =COUNT(M5:AI5) -> 15
A6: FRNLLincolnWCloverNRate350 | B6: LU_GEdwards | C6: WhiteClover | D6: 41935 | E6: 1 | F6: 350 | G6: 2014/15 | H6: Spring | I6: 1 | J6: Harvest | K6: =IF(ISNUMBER(AVERAGEIFS(ObservedSpeciesData!K$2:K$4955,ObservedSpeciesData!$A$2:$A$4955,$A6,ObservedSpeciesData!$D$2:$D$4955,$D6)),AVERAGEIFS(ObservedSpeciesData!K$2:K$4955,ObservedSpeciesData!$A$2:$A$4955,$A6,ObservedSpeciesData!$D$2:$D$4955,$D6),"") -> 272 | L6: =IF(ISNUMBER(AVERAGEIFS(ObservedSpeciesData!L$2:L$4955,ObservedSpeciesData!$A$2:$A$4955,$A6,ObservedSpeciesData!$D$2:$D$4955,$D6)),AVERAGEIFS(ObservedSpeciesData!L$2:L$4955,ObservedSpeciesData!$A$2:$A$4955,$A6,ObservedSpeciesData!$D$2:$D$4955,$D6),"") | M6: =IF(ISNUMBER(AVERAGEIFS(ObservedSpeciesData!M$2:M$4955,ObservedSpeciesData!$A$2:$A$4955,$A6,ObservedSpeciesData!$D$2:$D$4955,$D6)),AVERAGEIFS(ObservedSpeciesData!M$2:M$4955,ObservedSpeciesData!$A$2:$A$4955,$A6,ObservedSpeciesData!$D$2:$D$4955,$D6),"") | N6: =IF(ISNUMBER(AVERAGEIFS(ObservedSpeciesData!N$2:N$4955,ObservedSpeciesData!$A$2:$A$4955,$A6,ObservedSpeciesData!$D$2:$D$4955,$D6)),AVERAGEIFS(ObservedSpeciesData!N$2:N$4955,ObservedSpeciesData!$A$2:$A$4955,$A6,ObservedSpeciesData!$D$2:$D$4955,$D6),"") -> 2289.2175 | O6: =IF(ISNUMBER(AVERAGEIFS(ObservedSpeciesData!O$2:O$4955,ObservedSpeciesData!$A$2:$A$4955,$A6,ObservedSpeciesData!$D$2:$D$4955,$D6)),AVERAGEIFS(ObservedSpeciesData!O$2:O$4955,ObservedSpeciesData!$A$2:$A$4955,$A6,ObservedSpeciesData!$D$2:$D$4955,$D6),"") -> 228.92175 | P6: =IF(ISNUMBER(AVERAGEIFS(ObservedSpeciesData!P$2:P$4955,ObservedSpeciesData!$A$2:$A$4955,$A6,ObservedSpeciesData!$C$2:$C$4955,$C6,ObservedSpeciesData!$D$2:$D$4955,$D6)),AVERAGEIFS(ObservedSpeciesData!P$2:P$4955,ObservedSpeciesData!$A$2:$A$4955,$A6,ObservedSpeciesData!$C$2:$C$4955,$C6,ObservedSpeciesData!$D$2:$D$4955,$D6),"") -> 228.92175 | R6: =IF(ISNUMBER(AVERAGEIFS(ObservedSpeciesData!R$2:R$4955,ObservedSpeciesData!$A$2:$A$4955,$A6,ObservedSpeciesData!$D$2:$D$4955,$D6)),AVERAGEIFS(ObservedSpeciesData!R$2:R$4955,ObservedSpeciesData!$A$2:$A$4955,$A6,ObservedSpeciesData!$D$2:$D$4955,$D6),"") | S6: =IF(ISNUMBER(AVERAGEIFS(ObservedSpeciesData!S$2:S$4955,ObservedSpeciesData!$A$2:$A$4955,$A6,ObservedSpeciesData!$D$2:$D$4955,$D6)),AVERAGEIFS(ObservedSpeciesData!S$2:S$4955,ObservedSpeciesData!$A$2:$A$4955,$A6,ObservedSpeciesData!$D$2:$D$4955,$D6),"") | T6: =IF(ISNUMBER(AVERAGEIFS(ObservedSpeciesData!T$2:T$4955,ObservedSpeciesData!$A$2:$A$4955,$A6,ObservedSpeciesData!$D$2:$D$4955,$D6)),AVERAGEIFS(ObservedSpeciesData!T$2:T$4955,ObservedSpeciesData!$A$2:$A$4955,$A6,ObservedSpeciesData!$D$2:$D$4955,$D6),"") | U6: =IF(ISNUMBER(AVERAGEIFS(ObservedSpeciesData!U$2:U$4955,ObservedSpeciesData!$A$2:$A$4955,$A6,ObservedSpeciesData!$C$2:$C$4955,$C6,ObservedSpeciesData!$D$2:$D$4955,$D6)),AVERAGEIFS(ObservedSpeciesData!U$2:U$4955,ObservedSpeciesData!$A$2:$A$4955,$A6,ObservedSpeciesData!$C$2:$C$4955,$C6,ObservedSpeciesData!$D$2:$D$4955,$D6),"") | V6: =IF(ISNUMBER(AVERAGEIFS(ObservedSpeciesData!V$2:V$4955,ObservedSpeciesData!$A$2:$A$4955,$A6,ObservedSpeciesData!$D$2:$D$4955,$D6)),AVERAGEIFS(ObservedSpeciesData!V$2:V$4955,ObservedSpeciesData!$A$2:$A$4955,$A6,ObservedSpeciesData!$D$2:$D$4955,$D6),"") -> 18.914969 | W6: =IF(ISNUMBER(AVERAGEIFS(ObservedSpeciesData!W$2:W$4955,ObservedSpeciesData!$A$2:$A$4955,$A6,ObservedSpeciesData!$D$2:$D$4955,$D6)),AVERAGEIFS(ObservedSpeciesData!W$2:W$4955,ObservedSpeciesData!$A$2:$A$4955,$A6,ObservedSpeciesData!$D$2:$D$4955,$D6),"") -> 12.785556 | X6: =IF(ISNUMBER(AVERAGEIFS(ObservedSpeciesData!X$2:X$4955,ObservedSpeciesData!$A$2:$A$4955,$A6,ObservedSpeciesData!$D$2:$D$4955,$D6)),AVERAGEIFS(ObservedSpeciesData!X$2:X$4955,ObservedSpeciesData!$A$2:$A$4955,$A6,ObservedSpeciesData!$D$2:$D$4955,$D6),"") -> 76.0739 | Y6: =IF(ISNUMBER(AVERAGEIFS(ObservedSpeciesData!Y$2:Y$4955,ObservedSpeciesData!$A$2:$A$4955,$A6,ObservedSpeciesData!$D$2:$D$4955,$D6)),AVERAGEIFS(ObservedSpeciesData!Y$2:Y$4955,ObservedSpeciesData!$A$2:$A$4955,$A6,ObservedSpeciesData!$D$2:$D$4955,$D6),"") -> 24.426642 | Z6: =IF(ISNUMBER(AVERAGEIFS(ObservedSpeciesData!Z$2:Z$4955,ObservedSpeciesData!$A$2:$A$4955,$A6,ObservedSpeciesData!$D$2:$D$4955,$D6)),AVERAGEIFS(ObservedSpeciesData!Z$2:Z$4955,ObservedSpeciesData!$A$2:$A$4955,$A6,ObservedSpeciesData!$D$2:$D$4955,$D6),"") -> 87.810451 | AA6: =IF(ISNUMBER(AVERAGEIFS(ObservedSpeciesData!AA$2:AA$4955,ObservedSpeciesData!$A$2:$A$4955,$A6,ObservedSpeciesData!$D$2:$D$4955,$D6)),AVERAGEIFS(ObservedSpeciesData!AA$2:AA$4955,ObservedSpeciesData!$A$2:$A$4955,$A6,ObservedSpeciesData!$D$2:$D$4955,$D6),"") -> 26.236169 | AB6: =IF(ISNUMBER(AVERAGEIFS(ObservedSpeciesData!AB$2:AB$4955,ObservedSpeciesData!$A$2:$A$4955,$A6,ObservedSpeciesData!$D$2:$D$4955,$D6)),AVERAGEIFS(ObservedSpeciesData!AB$2:AB$4955,ObservedSpeciesData!$A$2:$A$4955,$A6,ObservedSpeciesData!$D$2:$D$4955,$D6),"") -> 0.04197787 | AC6: =IF(ISNUMBER(AVERAGEIFS(ObservedSpeciesData!AC$2:AC$4955,ObservedSpeciesData!$A$2:$A$4955,$A6,ObservedSpeciesData!$D$2:$D$4955,$D6)),AVERAGEIFS(ObservedSpeciesData!AC$2:AC$4955,ObservedSpeciesData!$A$2:$A$4955,$A6,ObservedSpeciesData!$D$2:$D$4955,$D6),"") -> 0.04197787 | ... AE6: =IF(ISNUMBER(AVERAGEIFS(ObservedSpeciesData!AE$2:AE$4955,ObservedSpeciesData!$A$2:$A$4955,$A6,ObservedSpeciesData!$D$2:$D$4955,$D6)),AVERAGEIFS(ObservedSpeciesData!AE$2:AE$4955,ObservedSpeciesData!$A$2:$A$4955,$A6,ObservedSpeciesData!$D$2:$D$4955,$D6),"") -> 19.737787 | AH6: =IF(ISNUMBER(AVERAGEIFS(ObservedSpeciesData!AH$2:AH$4955,ObservedSpeciesData!$A$2:$A$4955,$A6,ObservedSpeciesData!$D$2:$D$4955,$D6)),AVERAGEIFS(ObservedSpeciesData!AH$2:AH$4955,ObservedSpeciesData!$A$2:$A$4955,$A6,ObservedSpeciesData!$D$2:$D$4955,$D6),"") -> 9.6605 | AI6: =IF(ISNUMBER(AVERAGEIFS(ObservedSpeciesData!AI$2:AI$4955,ObservedSpeciesData!$A$2:$A$4955,$A6,ObservedSpeciesData!$C$2:$C$4955,$C6,ObservedSpeciesData!$D$2:$D$4955,$D6)),AVERAGEIFS(ObservedSpeciesData!AI$2:AI$4955,ObservedSpeciesData!$A$2:$A$4955,$A6,ObservedSpeciesData!$C$2:$C$4955,$C6,ObservedSpeciesData!$D$2:$D$4955,$D6),"") -> 9.6605 | AJ6: =COUNTIFS(ObservedSpeciesData!$A$2:$A$828,$A6,ObservedSpeciesData!$D$2:$D$828,$D6) -> 4 | AK6: =COUNT(M6:AI6) -> 15
A7: FRNLLincolnWCloverNRate500 | B7: LU_GEdwards | C7: WhiteClover | D7: 41935 | E7: 1 | F7: 500 | G7: 2014/15 | H7: Spring | I7: 1 | J7: Harvest | K7: =IF(ISNUMBER(AVERAGEIFS(ObservedSpeciesData!K$2:K$4955,ObservedSpeciesData!$A$2:$A$4955,$A7,ObservedSpeciesData!$D$2:$D$4955,$D7)),AVERAGEIFS(ObservedSpeciesData!K$2:K$4955,ObservedSpeciesData!$A$2:$A$4955,$A7,ObservedSpeciesData!$D$2:$D$4955,$D7),"") -> 389 | L7: =IF(ISNUMBER(AVERAGEIFS(ObservedSpeciesData!L$2:L$4955,ObservedSpeciesData!$A$2:$A$4955,$A7,ObservedSpeciesData!$D$2:$D$4955,$D7)),AVERAGEIFS(ObservedSpeciesData!L$2:L$4955,ObservedSpeciesData!$A$2:$A$4955,$A7,ObservedSpeciesData!$D$2:$D$4955,$D7),"") | M7: =IF(ISNUMBER(AVERAGEIFS(ObservedSpeciesData!M$2:M$4955,ObservedSpeciesData!$A$2:$A$4955,$A7,ObservedSpeciesData!$D$2:$D$4955,$D7)),AVERAGEIFS(ObservedSpeciesData!M$2:M$4955,ObservedSpeciesData!$A$2:$A$4955,$A7,ObservedSpeciesData!$D$2:$D$4955,$D7),"") | N7: =IF(ISNUMBER(AVERAGEIFS(ObservedSpeciesData!N$2:N$4955,ObservedSpeciesData!$A$2:$A$4955,$A7,ObservedSpeciesData!$D$2:$D$4955,$D7)),AVERAGEIFS(ObservedSpeciesData!N$2:N$4955,ObservedSpeciesData!$A$2:$A$4955,$A7,ObservedSpeciesData!$D$2:$D$4955,$D7),"") -> 2003.5693 | O7: =IF(ISNUMBER(AVERAGEIFS(ObservedSpeciesData!O$2:O$4955,ObservedSpeciesData!$A$2:$A$4955,$A7,ObservedSpeciesData!$D$2:$D$4955,$D7)),AVERAGEIFS(ObservedSpeciesData!O$2:O$4955,ObservedSpeciesData!$A$2:$A$4955,$A7,ObservedSpeciesData!$D$2:$D$4955,$D7),"") -> 200.35693 | P7: =IF(ISNUMBER(AVERAGEIFS(ObservedSpeciesData!P$2:P$4955,ObservedSpeciesData!$A$2:$A$4955,$A7,ObservedSpeciesData!$C$2:$C$4955,$C7,ObservedSpeciesData!$D$2:$D$4955,$D7)),AVERAGEIFS(ObservedSpeciesData!P$2:P$4955,ObservedSpeciesData!$A$2:$A$4955,$A7,ObservedSpeciesData!$C$2:$C$4955,$C7,ObservedSpeciesData!$D$2:$D$4955,$D7),"") -> 200.35693 | R7: =IF(ISNUMBER(AVERAGEIFS(ObservedSpeciesData!R$2:R$4955,ObservedSpeciesData!$A$2:$A$4955,$A7,ObservedSpeciesData!$D$2:$D$4955,$D7)),AVERAGEIFS(ObservedSpeciesData!R$2:R$4955,ObservedSpeciesData!$A$2:$A$4955,$A7,ObservedSpeciesData!$D$2:$D$4955,$D7),"") | S7: =IF(ISNUMBER(AVERAGEIFS(ObservedSpeciesData!S$2:S$4955,ObservedSpeciesData!$A$2:$A$4955,$A7,ObservedSpeciesData!$D$2:$D$4955,$D7)),AVERAGEIFS(ObservedSpeciesData!S$2:S$4955,ObservedSpeciesData!$A$2:$A$4955,$A7,ObservedSpeciesData!$D$2:$D$4955,$D7),"") | T7: =IF(ISNUMBER(AVERAGEIFS(ObservedSpeciesData!T$2:T$4955,ObservedSpeciesData!$A$2:$A$4955,$A7,ObservedSpeciesData!$D$2:$D$4955,$D7)),AVERAGEIFS(ObservedSpeciesData!T$2:T$4955,ObservedSpeciesData!$A$2:$A$4955,$A7,ObservedSpeciesData!$D$2:$D$4955,$D7),"") | U7: =IF(ISNUMBER(AVERAGEIFS(ObservedSpeciesData!U$2:U$4955,ObservedSpeciesData!$A$2:$A$4955,$A7,ObservedSpeciesData!$C$2:$C$4955,$C7,ObservedSpeciesData!$D$2:$D$4955,$D7)),AVERAGEIFS(ObservedSpeciesData!U$2:U$4955,ObservedSpeciesData!$A$2:$A$4955,$A7,ObservedSpeciesData!$C$2:$C$4955,$C7,ObservedSpeciesData!$D$2:$D$4955,$D7),"") | V7: =IF(ISNUMBER(AVERAGEIFS(ObservedSpeciesData!V$2:V$4955,ObservedSpeciesData!$A$2:$A$4955,$A7,ObservedSpeciesData!$D$2:$D$4955,$D7)),AVERAGEIFS(ObservedSpeciesData!V$2:V$4955,ObservedSpeciesData!$A$2:$A$4955,$A7,ObservedSpeciesData!$D$2:$D$4955,$D7),"") -> 18.814735 | W7: =IF(ISNUMBER(AVERAGEIFS(ObservedSpeciesData!W$2:W$4955,ObservedSpeciesData!$A$2:$A$4955,$A7,ObservedSpeciesData!$D$2:$D$4955,$D7)),AVERAGEIFS(ObservedSpeciesData!W$2:W$4955,ObservedSpeciesData!$A$2:$A$4955,$A7,ObservedSpeciesData!$D$2:$D$4955,$D7),"") -> 13.408341 | X7: =IF(ISNUMBER(AVERAGEIFS(ObservedSpeciesData!X$2:X$4955,ObservedSpeciesData!$A$2:$A$4955,$A7,ObservedSpeciesData!$D$2:$D$4955,$D7)),AVERAGEIFS(ObservedSpeciesData!X$2:X$4955,ObservedSpeciesData!$A$2:$A$4955,$A7,ObservedSpeciesData!$D$2:$D$4955,$D7),"") -> 75.604249 | Y7: =IF(ISNUMBER(AVERAGEIFS(ObservedSpeciesData!Y$2:Y$4955,ObservedSpeciesData!$A$2:$A$4955,$A7,ObservedSpeciesData!$D$2:$D$4955,$D7)),AVERAGEIFS(ObservedSpeciesData!Y$2:Y$4955,ObservedSpeciesData!$A$2:$A$4955,$A7,ObservedSpeciesData!$D$2:$D$4955,$D7),"") -> 24.121682 | Z7: =IF(ISNUMBER(AVERAGEIFS(ObservedSpeciesData!Z$2:Z$4955,ObservedSpeciesData!$A$2:$A$4955,$A7,ObservedSpeciesData!$D$2:$D$4955,$D7)),AVERAGEIFS(ObservedSpeciesData!Z$2:Z$4955,ObservedSpeciesData!$A$2:$A$4955,$A7,ObservedSpeciesData!$D$2:$D$4955,$D7),"") -> 86.423857 | AA7: =IF(ISNUMBER(AVERAGEIFS(ObservedSpeciesData!AA$2:AA$4955,ObservedSpeciesData!$A$2:$A$4955,$A7,ObservedSpeciesData!$D$2:$D$4955,$D7)),AVERAGEIFS(ObservedSpeciesData!AA$2:AA$4955,ObservedSpeciesData!$A$2:$A$4955,$A7,ObservedSpeciesData!$D$2:$D$4955,$D7),"") -> 25.434288 | AB7: =IF(ISNUMBER(AVERAGEIFS(ObservedSpeciesData!AB$2:AB$4955,ObservedSpeciesData!$A$2:$A$4955,$A7,ObservedSpeciesData!$D$2:$D$4955,$D7)),AVERAGEIFS(ObservedSpeciesData!AB$2:AB$4955,ObservedSpeciesData!$A$2:$A$4955,$A7,ObservedSpeciesData!$D$2:$D$4955,$D7),"") -> 0.041773855 | AC7: =IF(ISNUMBER(AVERAGEIFS(ObservedSpeciesData!AC$2:AC$4955,ObservedSpeciesData!$A$2:$A$4955,$A7,ObservedSpeciesData!$D$2:$D$4955,$D7)),AVERAGEIFS(ObservedSpeciesData!AC$2:AC$4955,ObservedSpeciesData!$A$2:$A$4955,$A7,ObservedSpeciesData!$D$2:$D$4955,$D7),"") -> 0.041773855 | ... AE7: =IF(ISNUMBER(AVERAGEIFS(ObservedSpeciesData!AE$2:AE$4955,ObservedSpeciesData!$A$2:$A$4955,$A7,ObservedSpeciesData!$D$2:$D$4955,$D7)),AVERAGEIFS(ObservedSpeciesData!AE$2:AE$4955,ObservedSpeciesData!$A$2:$A$4955,$A7,ObservedSpeciesData!$D$2:$D$4955,$D7),"") -> 20.31129 | AH7: =IF(ISNUMBER(AVERAGEIFS(ObservedSpeciesData!AH$2:AH$4955,ObservedSpeciesData!$A$2:$A$4955,$A7,ObservedSpeciesData!$D$2:$D$4955,$D7)),AVERAGEIFS(ObservedSpeciesData!AH$2:AH$4955,ObservedSpeciesData!$A$2:$A$4955,$A7,ObservedSpeciesData!$D$2:$D$4955,$D7),"") -> 8.35625 | AI7: =IF(ISNUMBER(AVERAGEIFS(ObservedSpeciesData!AI$2:AI$4955,ObservedSpeciesData!$A$2:$A$4955,$A7,ObservedSpeciesData!$C$2:$C$4955,$C7,ObservedSpeciesData!$D$2:$D$4955,$D7)),AVERAGEIFS(ObservedSpeciesData!AI$2:AI$4955,ObservedSpeciesData!$A$2:$A$4955,$A7,ObservedSpeciesData!$C$2:$C$4955,$C7,ObservedSpeciesData!$D$2:$D$4955,$D7),"") -> 8.35625 | AJ7: =COUNTIFS(ObservedSpeciesData!$A$2:$A$828,$A7,ObservedSpeciesData!$D$2:$D$828,$D7) -> 4 | AK7: =COUNT(M7:AI7) -> 15
A8: FRNLLincolnWCloverNRate0 | B8: LU_GEdwards | C8: WhiteClover | D8: 41968 | E8: 1 | F8: 0 | G8: 2014/15 | H8: Spring | I8: 2 | J8: Harvest | K8: =IF(ISNUMBER(AVERAGEIFS(ObservedSpeciesData!K$2:K$4955,ObservedSpeciesData!$A$2:$A$4955,$A8,ObservedSpeciesData!$D$2:$D$4955,$D8)),AVERAGEIFS(ObservedSpeciesData!K$2:K$4955,ObservedSpeciesData!$A$2:$A$4955,$A8,ObservedSpeciesData!$D$2:$D$4955,$D8),"") -> 0 | L8: =IF(ISNUMBER(AVERAGEIFS(ObservedSpeciesData!L$2:L$4955,ObservedSpeciesData!$A$2:$A$4955,$A8,ObservedSpeciesData!$D$2:$D$4955,$D8)),AVERAGEIFS(ObservedSpeciesData!L$2:L$4955,ObservedSpeciesData!$A$2:$A$4955,$A8,ObservedSpeciesData!$D$2:$D$4955,$D8),"") | M8: =IF(ISNUMBER(AVERAGEIFS(ObservedSpeciesData!M$2:M$4955,ObservedSpeciesData!$A$2:$A$4955,$A8,ObservedSpeciesData!$D$2:$D$4955,$D8)),AVERAGEIFS(ObservedSpeciesData!M$2:M$4955,ObservedSpeciesData!$A$2:$A$4955,$A8,ObservedSpeciesData!$D$2:$D$4955,$D8),"") | N8: =IF(ISNUMBER(AVERAGEIFS(ObservedSpeciesData!N$2:N$4955,ObservedSpeciesData!$A$2:$A$4955,$A8,ObservedSpeciesData!$D$2:$D$4955,$D8)),AVERAGEIFS(ObservedSpeciesData!N$2:N$4955,ObservedSpeciesData!$A$2:$A$4955,$A8,ObservedSpeciesData!$D$2:$D$4955,$D8),"") -> 1450.1839 | O8: =IF(ISNUMBER(AVERAGEIFS(ObservedSpeciesData!O$2:O$4955,ObservedSpeciesData!$A$2:$A$4955,$A8,ObservedSpeciesData!$D$2:$D$4955,$D8)),AVERAGEIFS(ObservedSpeciesData!O$2:O$4955,ObservedSpeciesData!$A$2:$A$4955,$A8,ObservedSpeciesData!$D$2:$D$4955,$D8),"") -> 145.01839 | P8: =IF(ISNUMBER(AVERAGEIFS(ObservedSpeciesData!P$2:P$4955,ObservedSpeciesData!$A$2:$A$4955,$A8,ObservedSpeciesData!$C$2:$C$4955,$C8,ObservedSpeciesData!$D$2:$D$4955,$D8)),AVERAGEIFS(ObservedSpeciesData!P$2:P$4955,ObservedSpeciesData!$A$2:$A$4955,$A8,ObservedSpeciesData!$C$2:$C$4955,$C8,ObservedSpeciesData!$D$2:$D$4955,$D8),"") -> 345.40683 | R8: =IF(ISNUMBER(AVERAGEIFS(ObservedSpeciesData!R$2:R$4955,ObservedSpeciesData!$A$2:$A$4955,$A8,ObservedSpeciesData!$D$2:$D$4955,$D8)),AVERAGEIFS(ObservedSpeciesData!R$2:R$4955,ObservedSpeciesData!$A$2:$A$4955,$A8,ObservedSpeciesData!$D$2:$D$4955,$D8),"") | S8: =IF(ISNUMBER(AVERAGEIFS(ObservedSpeciesData!S$2:S$4955,ObservedSpeciesData!$A$2:$A$4955,$A8,ObservedSpeciesData!$D$2:$D$4955,$D8)),AVERAGEIFS(ObservedSpeciesData!S$2:S$4955,ObservedSpeciesData!$A$2:$A$4955,$A8,ObservedSpeciesData!$D$2:$D$4955,$D8),"") | T8: =IF(ISNUMBER(AVERAGEIFS(ObservedSpeciesData!T$2:T$4955,ObservedSpeciesData!$A$2:$A$4955,$A8,ObservedSpeciesData!$D$2:$D$4955,$D8)),AVERAGEIFS(ObservedSpeciesData!T$2:T$4955,ObservedSpeciesData!$A$2:$A$4955,$A8,ObservedSpeciesData!$D$2:$D$4955,$D8),"") | U8: =IF(ISNUMBER(AVERAGEIFS(ObservedSpeciesData!U$2:U$4955,ObservedSpeciesData!$A$2:$A$4955,$A8,ObservedSpeciesData!$C$2:$C$4955,$C8,ObservedSpeciesData!$D$2:$D$4955,$D8)),AVERAGEIFS(ObservedSpeciesData!U$2:U$4955,ObservedSpeciesData!$A$2:$A$4955,$A8,ObservedSpeciesData!$C$2:$C$4955,$C8,ObservedSpeciesData!$D$2:$D$4955,$D8),"") | V8: =IF(ISNUMBER(AVERAGEIFS(ObservedSpeciesData!V$2:V$4955,ObservedSpeciesData!$A$2:$A$4955,$A8,ObservedSpeciesData!$D$2:$D$4955,$D8)),AVERAGEIFS(ObservedSpeciesData!V$2:V$4955,ObservedSpeciesData!$A$2:$A$4955,$A8,ObservedSpeciesData!$D$2:$D$4955,$D8),"") -> 18.979316 | W8: =IF(ISNUMBER(AVERAGEIFS(ObservedSpeciesData!W$2:W$4955,ObservedSpeciesData!$A$2:$A$4955,$A8,ObservedSpeciesData!$D$2:$D$4955,$D8)),AVERAGEIFS(ObservedSpeciesData!W$2:W$4955,ObservedSpeciesData!$A$2:$A$4955,$A8,ObservedSpeciesData!$D$2:$D$4955,$D8),"") -> 12.75703 | X8: =IF(ISNUMBER(AVERAGEIFS(ObservedSpeciesData!X$2:X$4955,ObservedSpeciesData!$A$2:$A$4955,$A8,ObservedSpeciesData!$D$2:$D$4955,$D8)),AVERAGEIFS(ObservedSpeciesData!X$2:X$4955,ObservedSpeciesData!$A$2:$A$4955,$A8,ObservedSpeciesData!$D$2:$D$4955,$D8),"") -> 77.252243 | Y8: =IF(ISNUMBER(AVERAGEIFS(ObservedSpeciesData!Y$2:Y$4955,ObservedSpeciesData!$A$2:$A$4955,$A8,ObservedSpeciesData!$D$2:$D$4955,$D8)),AVERAGEIFS(ObservedSpeciesData!Y$2:Y$4955,ObservedSpeciesData!$A$2:$A$4955,$A8,ObservedSpeciesData!$D$2:$D$4955,$D8),"") -> 24.537892 | Z8: =IF(ISNUMBER(AVERAGEIFS(ObservedSpeciesData!Z$2:Z$4955,ObservedSpeciesData!$A$2:$A$4955,$A8,ObservedSpeciesData!$D$2:$D$4955,$D8)),AVERAGEIFS(ObservedSpeciesData!Z$2:Z$4955,ObservedSpeciesData!$A$2:$A$4955,$A8,ObservedSpeciesData!$D$2:$D$4955,$D8),"") -> 89.364628 | AA8: =IF(ISNUMBER(AVERAGEIFS(ObservedSpeciesData!AA$2:AA$4955,ObservedSpeciesData!$A$2:$A$4955,$A8,ObservedSpeciesData!$D$2:$D$4955,$D8)),AVERAGEIFS(ObservedSpeciesData!AA$2:AA$4955,ObservedSpeciesData!$A$2:$A$4955,$A8,ObservedSpeciesData!$D$2:$D$4955,$D8),"") -> 26.283805 | AB8: =IF(ISNUMBER(AVERAGEIFS(ObservedSpeciesData!AB$2:AB$4955,ObservedSpeciesData!$A$2:$A$4955,$A8,ObservedSpeciesData!$D$2:$D$4955,$D8)),AVERAGEIFS(ObservedSpeciesData!AB$2:AB$4955,ObservedSpeciesData!$A$2:$A$4955,$A8,ObservedSpeciesData!$D$2:$D$4955,$D8),"") -> 0.042054089 | AC8: =IF(ISNUMBER(AVERAGEIFS(ObservedSpeciesData!AC$2:AC$4955,ObservedSpeciesData!$A$2:$A$4955,$A8,ObservedSpeciesData!$D$2:$D$4955,$D8)),AVERAGEIFS(ObservedSpeciesData!AC$2:AC$4955,ObservedSpeciesData!$A$2:$A$4955,$A8,ObservedSpeciesData!$D$2:$D$4955,$D8),"") -> 0.042054089 | ... AE8: =IF(ISNUMBER(AVERAGEIFS(ObservedSpeciesData!AE$2:AE$4955,ObservedSpeciesData!$A$2:$A$4955,$A8,ObservedSpeciesData!$D$2:$D$4955,$D8)),AVERAGEIFS(ObservedSpeciesData!AE$2:AE$4955,ObservedSpeciesData!$A$2:$A$4955,$A8,ObservedSpeciesData!$D$2:$D$4955,$D8),"") -> 19.439137 | AH8: =IF(ISNUMBER(AVERAGEIFS(ObservedSpeciesData!AH$2:AH$4955,ObservedSpeciesData!$A$2:$A$4955,$A8,ObservedSpeciesData!$D$2:$D$4955,$D8)),AVERAGEIFS(ObservedSpeciesData!AH$2:AH$4955,ObservedSpeciesData!$A$2:$A$4955,$A8,ObservedSpeciesData!$D$2:$D$4955,$D8),"") -> 6.1695 | AI8: =IF(ISNUMBER(AVERAGEIFS(ObservedSpeciesData!AI$2:AI$4955,ObservedSpeciesData!$A$2:$A$4955,$A8,ObservedSpeciesData!$C$2:$C$4955,$C8,ObservedSpeciesData!$D$2:$D$4955,$D8)),AVERAGEIFS(ObservedSpeciesData!AI$2:AI$4955,ObservedSpeciesData!$A$2:$A$4955,$A8,ObservedSpeciesData!$C$2:$C$4955,$C8,ObservedSpeciesData!$D$2:$D$4955,$D8),"") -> 14.1435 | AJ8: =COUNTIFS(ObservedSpeciesData!$A$2:$A$828,$A8,ObservedSpeciesData!$D$2:$D$828,$D8) -> 4 | AK8: =COUNT(M8:AI8) -> 15
A9: FRNLLincolnWCloverNRate50 | B9: LU_GEdwards | C9: WhiteClover | D9: 41968 | E9: 1 | F9: 50 | G9: 2014/15 | H9: Spring | I9: 2 | J9: Harvest | K9: =IF(ISNUMBER(AVERAGEIFS(ObservedSpeciesData!K$2:K$4955,ObservedSpeciesData!$A$2:$A$4955,$A9,ObservedSpeciesData!$D$2:$D$4955,$D9)),AVERAGEIFS(ObservedSpeciesData!K$2:K$4955,ObservedSpeciesData!$A$2:$A$4955,$A9,ObservedSpeciesData!$D$2:$D$4955,$D9),"") -> 45 | L9: =IF(ISNUMBER(AVERAGEIFS(ObservedSpeciesData!L$2:L$4955,ObservedSpeciesData!$A$2:$A$4955,$A9,ObservedSpeciesData!$D$2:$D$4955,$D9)),AVERAGEIFS(ObservedSpeciesData!L$2:L$4955,ObservedSpeciesData!$A$2:$A$4955,$A9,ObservedSpeciesData!$D$2:$D$4955,$D9),"") | M9: =IF(ISNUMBER(AVERAGEIFS(ObservedSpeciesData!M$2:M$4955,ObservedSpeciesData!$A$2:$A$4955,$A9,ObservedSpeciesData!$D$2:$D$4955,$D9)),AVERAGEIFS(ObservedSpeciesData!M$2:M$4955,ObservedSpeciesData!$A$2:$A$4955,$A9,ObservedSpeciesData!$D$2:$D$4955,$D9),"") | N9: =IF(ISNUMBER(AVERAGEIFS(ObservedSpeciesData!N$2:N$4955,ObservedSpeciesData!$A$2:$A$4955,$A9,ObservedSpeciesData!$D$2:$D$4955,$D9)),AVERAGEIFS(ObservedSpeciesData!N$2:N$4955,ObservedSpeciesData!$A$2:$A$4955,$A9,ObservedSpeciesData!$D$2:$D$4955,$D9),"") -> 1397.2049 | O9: =IF(ISNUMBER(AVERAGEIFS(ObservedSpeciesData!O$2:O$4955,ObservedSpeciesData!$A$2:$A$4955,$A9,ObservedSpeciesData!$D$2:$D$4955,$D9)),AVERAGEIFS(ObservedSpeciesData!O$2:O$4955,ObservedSpeciesData!$A$2:$A$4955,$A9,ObservedSpeciesData!$D$2:$D$4955,$D9),"") -> 139.72049 | P9: =IF(ISNUMBER(AVERAGEIFS(ObservedSpeciesData!P$2:P$4955,ObservedSpeciesData!$A$2:$A$4955,$A9,ObservedSpeciesData!$C$2:$C$4955,$C9,ObservedSpeciesData!$D$2:$D$4955,$D9)),AVERAGEIFS(ObservedSpeciesData!P$2:P$4955,ObservedSpeciesData!$A$2:$A$4955,$A9,ObservedSpeciesData!$C$2:$C$4955,$C9,ObservedSpeciesData!$D$2:$D$4955,$D9),"") -> 419.4008 | R9: =IF(ISNUMBER(AVERAGEIFS(ObservedSpeciesData!R$2:R$4955,ObservedSpeciesData!$A$2:$A$4955,$A9,ObservedSpeciesData!$D$2:$D$4955,$D9)),AVERAGEIFS(ObservedSpeciesData!R$2:R$4955,ObservedSpeciesData!$A$2:$A$4955,$A9,ObservedSpeciesData!$D$2:$D$4955,$D9),"") | S9: =IF(ISNUMBER(AVERAGEIFS(ObservedSpeciesData!S$2:S$4955,ObservedSpeciesData!$A$2:$A$4955,$A9,ObservedSpeciesData!$D$2:$D$4955,$D9)),AVERAGEIFS(ObservedSpeciesData!S$2:S$4955,ObservedSpeciesData!$A$2:$A$4955,$A9,ObservedSpeciesData!$D$2:$D$4955,$D9),"") | T9: =IF(ISNUMBER(AVERAGEIFS(ObservedSpeciesData!T$2:T$4955,ObservedSpeciesData!$A$2:$A$4955,$A9,ObservedSpeciesData!$D$2:$D$4955,$D9)),AVERAGEIFS(ObservedSpeciesData!T$2:T$4955,ObservedSpeciesData!$A$2:$A$4955,$A9,ObservedSpeciesData!$D$2:$D$4955,$D9),"") | U9: =IF(ISNUMBER(AVERAGEIFS(ObservedSpeciesData!U$2:U$4955,ObservedSpeciesData!$A$2:$A$4955,$A9,ObservedSpeciesData!$C$2:$C$4955,$C9,ObservedSpeciesData!$D$2:$D$4955,$D9)),AVERAGEIFS(ObservedSpeciesData!U$2:U$4955,ObservedSpeciesData!$A$2:$A$4955,$A9,ObservedSpeciesData!$C$2:$C$4955,$C9,ObservedSpeciesData!$D$2:$D$4955,$D9),"") | V9: =IF(ISNUMBER(AVERAGEIFS(ObservedSpeciesData!V$2:V$4955,ObservedSpeciesData!$A$2:$A$4955,$A9,ObservedSpeciesData!$D$2:$D$4955,$D9)),AVERAGEIFS(ObservedSpeciesData!V$2:V$4955,ObservedSpeciesData!$A$2:$A$4955,$A9,ObservedSpeciesData!$D$2:$D$4955,$D9),"") -> 18.243539 | W9: =IF(ISNUMBER(AVERAGEIFS(ObservedSpeciesData!W$2:W$4955,ObservedSpeciesData!$A$2:$A$4955,$A9,ObservedSpeciesData!$D$2:$D$4955,$D9)),AVERAGEIFS(ObservedSpeciesData!W$2:W$4955,ObservedSpeciesData!$A$2:$A$4955,$A9,ObservedSpeciesData!$D$2:$D$4955,$D9),"") -> 12.501243 | X9: =IF(ISNUMBER(AVERAGEIFS(ObservedSpeciesData!X$2:X$4955,ObservedSpeciesData!$A$2:$A$4955,$A9,ObservedSpeciesData!$D$2:$D$4955,$D9)),AVERAGEIFS(ObservedSpeciesData!X$2:X$4955,ObservedSpeciesData!$A$2:$A$4955,$A9,ObservedSpeciesData!$D$2:$D$4955,$D9),"") -> 77.354177 | Y9: =IF(ISNUMBER(AVERAGEIFS(ObservedSpeciesData!Y$2:Y$4955,ObservedSpeciesData!$A$2:$A$4955,$A9,ObservedSpeciesData!$D$2:$D$4955,$D9)),AVERAGEIFS(ObservedSpeciesData!Y$2:Y$4955,ObservedSpeciesData!$A$2:$A$4955,$A9,ObservedSpeciesData!$D$2:$D$4955,$D9),"") -> 23.088369 | Z9: =IF(ISNUMBER(AVERAGEIFS(ObservedSpeciesData!Z$2:Z$4955,ObservedSpeciesData!$A$2:$A$4955,$A9,ObservedSpeciesData!$D$2:$D$4955,$D9)),AVERAGEIFS(ObservedSpeciesData!Z$2:Z$4955,ObservedSpeciesData!$A$2:$A$4955,$A9,ObservedSpeciesData!$D$2:$D$4955,$D9),"") -> 88.68338 | AA9: =IF(ISNUMBER(AVERAGEIFS(ObservedSpeciesData!AA$2:AA$4955,ObservedSpeciesData!$A$2:$A$4955,$A9,ObservedSpeciesData!$D$2:$D$4955,$D9)),AVERAGEIFS(ObservedSpeciesData!AA$2:AA$4955,ObservedSpeciesData!$A$2:$A$4955,$A9,ObservedSpeciesData!$D$2:$D$4955,$D9),"") -> 27.559042 | AB9: =IF(ISNUMBER(AVERAGEIFS(ObservedSpeciesData!AB$2:AB$4955,ObservedSpeciesData!$A$2:$A$4955,$A9,ObservedSpeciesData!$D$2:$D$4955,$D9)),AVERAGEIFS(ObservedSpeciesData!AB$2:AB$4955,ObservedSpeciesData!$A$2:$A$4955,$A9,ObservedSpeciesData!$D$2:$D$4955,$D9),"") -> 0.044094468 | AC9: =IF(ISNUMBER(AVERAGEIFS(ObservedSpeciesData!AC$2:AC$4955,ObservedSpeciesData!$A$2:$A$4955,$A9,ObservedSpeciesData!$D$2:$D$4955,$D9)),AVERAGEIFS(ObservedSpeciesData!AC$2:AC$4955,ObservedSpeciesData!$A$2:$A$4955,$A9,ObservedSpeciesData!$D$2:$D$4955,$D9),"") -> 0.044094468 | ... AE9: =IF(ISNUMBER(AVERAGEIFS(ObservedSpeciesData!AE$2:AE$4955,ObservedSpeciesData!$A$2:$A$4955,$A9,ObservedSpeciesData!$D$2:$D$4955,$D9)),AVERAGEIFS(ObservedSpeciesData!AE$2:AE$4955,ObservedSpeciesData!$A$2:$A$4955,$A9,ObservedSpeciesData!$D$2:$D$4955,$D9),"") -> 19.418595 | AH9: =IF(ISNUMBER(AVERAGEIFS(ObservedSpeciesData!AH$2:AH$4955,ObservedSpeciesData!$A$2:$A$4955,$A9,ObservedSpeciesData!$D$2:$D$4955,$D9)),AVERAGEIFS(ObservedSpeciesData!AH$2:AH$4955,ObservedSpeciesData!$A$2:$A$4955,$A9,ObservedSpeciesData!$D$2:$D$4955,$D9),"") -> 6.02475 | AI9: =IF(ISNUMBER(AVERAGEIFS(ObservedSpeciesData!AI$2:AI$4955,ObservedSpeciesData!$A$2:$A$4955,$A9,ObservedSpeciesData!$C$2:$C$4955,$C9,ObservedSpeciesData!$D$2:$D$4955,$D9)),AVERAGEIFS(ObservedSpeciesData!AI$2:AI$4955,ObservedSpeciesData!$A$2:$A$4955,$A9,ObservedSpeciesData!$C$2:$C$4955,$C9,ObservedSpeciesData!$D$2:$D$4955,$D9),"") -> 17.564 | AJ9: =COUNTIFS(ObservedSpeciesData!$A$2:$A$828,$A9,ObservedSpeciesData!$D$2:$D$828,$D9) -> 4 | AK9: =COUNT(M9:AI9) -> 15
A10: FRNLLincolnWCloverNRate100 | B10: LU_GEdwards | C10: WhiteClover | D10: 41968 | E10: 1 | F10: 100 | G10: 2014/15 | H10: Spring | I10: 2 | J10: Harvest | K10: =IF(ISNUMBER(AVERAGEIFS(ObservedSpeciesData!K$2:K$4955,ObservedSpeciesData!$A$2:$A$4955,$A10,ObservedSpeciesData!$D$2:$D$4955,$D10)),AVERAGEIFS(ObservedSpeciesData!K$2:K$4955,ObservedSpeciesData!$A$2:$A$4955,$A10,ObservedSpeciesData!$D$2:$D$4955,$D10),"") -> 78 | L10: =IF(ISNUMBER(AVERAGEIFS(ObservedSpeciesData!L$2:L$4955,ObservedSpeciesData!$A$2:$A$4955,$A10,ObservedSpeciesData!$D$2:$D$4955,$D10)),AVERAGEIFS(ObservedSpeciesData!L$2:L$4955,ObservedSpeciesData!$A$2:$A$4955,$A10,ObservedSpeciesData!$D$2:$D$4955,$D10),"") | M10: =IF(ISNUMBER(AVERAGEIFS(ObservedSpeciesData!M$2:M$4955,ObservedSpeciesData!$A$2:$A$4955,$A10,ObservedSpeciesData!$D$2:$D$4955,$D10)),AVERAGEIFS(ObservedSpeciesData!M$2:M$4955,ObservedSpeciesData!$A$2:$A$4955,$A10,ObservedSpeciesData!$D$2:$D$4955,$D10),"") | N10: =IF(ISNUMBER(AVERAGEIFS(ObservedSpeciesData!N$2:N$4955,ObservedSpeciesData!$A$2:$A$4955,$A10,ObservedSpeciesData!$D$2:$D$4955,$D10)),AVERAGEIFS(ObservedSpeciesData!N$2:N$4955,ObservedSpeciesData!$A$2:$A$4955,$A10,ObservedSpeciesData!$D$2:$D$4955,$D10),"") -> 1906.3225 | O10: =IF(ISNUMBER(AVERAGEIFS(ObservedSpeciesData!O$2:O$4955,ObservedSpeciesData!$A$2:$A$4955,$A10,ObservedSpeciesData!$D$2:$D$4955,$D10)),AVERAGEIFS(ObservedSpeciesData!O$2:O$4955,ObservedSpeciesData!$A$2:$A$4955,$A10,ObservedSpeciesData!$D$2:$D$4955,$D10),"") -> 190.63225 | P10: =IF(ISNUMBER(AVERAGEIFS(ObservedSpeciesData!P$2:P$4955,ObservedSpeciesData!$A$2:$A$4955,$A10,ObservedSpeciesData!$C$2:$C$4955,$C10,ObservedSpeciesData!$D$2:$D$4955,$D10)),AVERAGEIFS(ObservedSpeciesData!P$2:P$4955,ObservedSpeciesData!$A$2:$A$4955,$A10,ObservedSpeciesData!$C$2:$C$4955,$C10,ObservedSpeciesData!$D$2:$D$4955,$D10),"") -> 445.46558 | R10: =IF(ISNUMBER(AVERAGEIFS(ObservedSpeciesData!R$2:R$4955,ObservedSpeciesData!$A$2:$A$4955,$A10,ObservedSpeciesData!$D$2:$D$4955,$D10)),AVERAGEIFS(ObservedSpeciesData!R$2:R$4955,ObservedSpeciesData!$A$2:$A$4955,$A10,ObservedSpeciesData!$D$2:$D$4955,$D10),"") | S10: =IF(ISNUMBER(AVERAGEIFS(ObservedSpeciesData!S$2:S$4955,ObservedSpeciesData!$A$2:$A$4955,$A10,ObservedSpeciesData!$D$2:$D$4955,$D10)),AVERAGEIFS(ObservedSpeciesData!S$2:S$4955,ObservedSpeciesData!$A$2:$A$4955,$A10,ObservedSpeciesData!$D$2:$D$4955,$D10),"") | T10: =IF(ISNUMBER(AVERAGEIFS(ObservedSpeciesData!T$2:T$4955,ObservedSpeciesData!$A$2:$A$4955,$A10,ObservedSpeciesData!$D$2:$D$4955,$D10)),AVERAGEIFS(ObservedSpeciesData!T$2:T$4955,ObservedSpeciesData!$A$2:$A$4955,$A10,ObservedSpeciesData!$D$2:$D$4955,$D10),"") | U10: =IF(ISNUMBER(AVERAGEIFS(ObservedSpeciesData!U$2:U$4955,ObservedSpeciesData!$A$2:$A$4955,$A10,ObservedSpeciesData!$C$2:$C$4955,$C10,ObservedSpeciesData!$D$2:$D$4955,$D10)),AVERAGEIFS(ObservedSpeciesData!U$2:U$4955,ObservedSpeciesData!$A$2:$A$4955,$A10,ObservedSpeciesData!$C$2:$C$4955,$C10,ObservedSpeciesData!$D$2:$D$4955,$D10),"") | V10: =IF(ISNUMBER(AVERAGEIFS(ObservedSpeciesData!V$2:V$4955,ObservedSpeciesData!$A$2:$A$4955,$A10,ObservedSpeciesData!$D$2:$D$4955,$D10)),AVERAGEIFS(ObservedSpeciesData!V$2:V$4955,ObservedSpeciesData!$A$2:$A$4955,$A10,ObservedSpeciesData!$D$2:$D$4955,$D10),"") -> 19.249856 | W10: =IF(ISNUMBER(AVERAGEIFS(ObservedSpeciesData!W$2:W$4955,ObservedSpeciesData!$A$2:$A$4955,$A10,ObservedSpeciesData!$D$2:$D$4955,$D10)),AVERAGEIFS(ObservedSpeciesData!W$2:W$4955,ObservedSpeciesData!$A$2:$A$4955,$A10,ObservedSpeciesData!$D$2:$D$4955,$D10),"") -> 12.915771 | X10: =IF(ISNUMBER(AVERAGEIFS(ObservedSpeciesData!X$2:X$4955,ObservedSpeciesData!$A$2:$A$4955,$A10,ObservedSpeciesData!$D$2:$D$4955,$D10)),AVERAGEIFS(ObservedSpeciesData!X$2:X$4955,ObservedSpeciesData!$A$2:$A$4955,$A10,ObservedSpeciesData!$D$2:$D$4955,$D10),"") -> 77.776378 | Y10: =IF(ISNUMBER(AVERAGEIFS(ObservedSpeciesData!Y$2:Y$4955,ObservedSpeciesData!$A$2:$A$4955,$A10,ObservedSpeciesData!$D$2:$D$4955,$D10)),AVERAGEIFS(ObservedSpeciesData!Y$2:Y$4955,ObservedSpeciesData!$A$2:$A$4955,$A10,ObservedSpeciesData!$D$2:$D$4955,$D10),"") -> 24.325348 | Z10: =IF(ISNUMBER(AVERAGEIFS(ObservedSpeciesData!Z$2:Z$4955,ObservedSpeciesData!$A$2:$A$4955,$A10,ObservedSpeciesData!$D$2:$D$4955,$D10)),AVERAGEIFS(ObservedSpeciesData!Z$2:Z$4955,ObservedSpeciesData!$A$2:$A$4955,$A10,ObservedSpeciesData!$D$2:$D$4955,$D10),"") -> 89.975061 | AA10: =IF(ISNUMBER(AVERAGEIFS(ObservedSpeciesData!AA$2:AA$4955,ObservedSpeciesData!$A$2:$A$4955,$A10,ObservedSpeciesData!$D$2:$D$4955,$D10)),AVERAGEIFS(ObservedSpeciesData!AA$2:AA$4955,ObservedSpeciesData!$A$2:$A$4955,$A10,ObservedSpeciesData!$D$2:$D$4955,$D10),"") -> 25.989909 | AB10: =IF(ISNUMBER(AVERAGEIFS(ObservedSpeciesData!AB$2:AB$4955,ObservedSpeciesData!$A$2:$A$4955,$A10,ObservedSpeciesData!$D$2:$D$4955,$D10)),AVERAGEIFS(ObservedSpeciesData!AB$2:AB$4955,ObservedSpeciesData!$A$2:$A$4955,$A10,ObservedSpeciesData!$D$2:$D$4955,$D10),"") -> 0.041583854 | AC10: =IF(ISNUMBER(AVERAGEIFS(ObservedSpeciesData!AC$2:AC$4955,ObservedSpeciesData!$A$2:$A$4955,$A10,ObservedSpeciesData!$D$2:$D$4955,$D10)),AVERAGEIFS(ObservedSpeciesData!AC$2:AC$4955,ObservedSpeciesData!$A$2:$A$4955,$A10,ObservedSpeciesData!$D$2:$D$4955,$D10),"") -> 0.041583854 | ... AE10: =IF(ISNUMBER(AVERAGEIFS(ObservedSpeciesData!AE$2:AE$4955,ObservedSpeciesData!$A$2:$A$4955,$A10,ObservedSpeciesData!$D$2:$D$4955,$D10)),AVERAGEIFS(ObservedSpeciesData!AE$2:AE$4955,ObservedSpeciesData!$A$2:$A$4955,$A10,ObservedSpeciesData!$D$2:$D$4955,$D10),"") -> 19.586428 | AH10: =IF(ISNUMBER(AVERAGEIFS(ObservedSpeciesData!AH$2:AH$4955,ObservedSpeciesData!$A$2:$A$4955,$A10,ObservedSpeciesData!$D$2:$D$4955,$D10)),AVERAGEIFS(ObservedSpeciesData!AH$2:AH$4955,ObservedSpeciesData!$A$2:$A$4955,$A10,ObservedSpeciesData!$D$2:$D$4955,$D10),"") -> 7.92875 | AI10: =IF(ISNUMBER(AVERAGEIFS(ObservedSpeciesData!AI$2:AI$4955,ObservedSpeciesData!$A$2:$A$4955,$A10,ObservedSpeciesData!$C$2:$C$4955,$C10,ObservedSpeciesData!$D$2:$D$4955,$D10)),AVERAGEIFS(ObservedSpeciesData!AI$2:AI$4955,ObservedSpeciesData!$A$2:$A$4955,$A10,ObservedSpeciesData!$C$2:$C$4955,$C10,ObservedSpeciesData!$D$2:$D$4955,$D10),"") -> 18.3425 | AJ10: =COUNTIFS(ObservedSpeciesData!$A$2:$A$828,$A10,ObservedSpeciesData!$D$2:$D$828,$D10) -> 4 | AK10: =COUNT(M10:AI10) -> 15
A11: FRNLLincolnWCloverNRate200 | B11: LU_GEdwards | C11: WhiteClover | D11: 41968 | E11: 1 | F11: 200 | G11: 2014/15 | H11: Spring | I11: 2 | J11: Harvest | K11: =IF(ISNUMBER(AVERAGEIFS(ObservedSpeciesData!K$2:K$4955,ObservedSpeciesData!$A$2:$A$4955,$A11,ObservedSpeciesData!$D$2:$D$4955,$D11)),AVERAGEIFS(ObservedSpeciesData!K$2:K$4955,ObservedSpeciesData!$A$2:$A$4955,$A11,ObservedSpeciesData!$D$2:$D$4955,$D11),"") -> 156 | L11: =IF(ISNUMBER(AVERAGEIFS(ObservedSpeciesData!L$2:L$4955,ObservedSpeciesData!$A$2:$A$4955,$A11,ObservedSpeciesData!$D$2:$D$4955,$D11)),AVERAGEIFS(ObservedSpeciesData!L$2:L$4955,ObservedSpeciesData!$A$2:$A$4955,$A11,ObservedSpeciesData!$D$2:$D$4955,$D11),"") | M11: =IF(ISNUMBER(AVERAGEIFS(ObservedSpeciesData!M$2:M$4955,ObservedSpeciesData!$A$2:$A$4955,$A11,ObservedSpeciesData!$D$2:$D$4955,$D11)),AVERAGEIFS(ObservedSpeciesData!M$2:M$4955,ObservedSpeciesData!$A$2:$A$4955,$A11,ObservedSpeciesData!$D$2:$D$4955,$D11),"") | N11: =IF(ISNUMBER(AVERAGEIFS(ObservedSpeciesData!N$2:N$4955,ObservedSpeciesData!$A$2:$A$4955,$A11,ObservedSpeciesData!$D$2:$D$4955,$D11)),AVERAGEIFS(ObservedSpeciesData!N$2:N$4955,ObservedSpeciesData!$A$2:$A$4955,$A11,ObservedSpeciesData!$D$2:$D$4955,$D11),"") -> 1976.0038 | O11: =IF(ISNUMBER(AVERAGEIFS(ObservedSpeciesData!O$2:O$4955,ObservedSpeciesData!$A$2:$A$4955,$A11,ObservedSpeciesData!$D$2:$D$4955,$D11)),AVERAGEIFS(ObservedSpeciesData!O$2:O$4955,ObservedSpeciesData!$A$2:$A$4955,$A11,ObservedSpeciesData!$D$2:$D$4955,$D11),"") -> 197.60038 | P11: =IF(ISNUMBER(AVERAGEIFS(ObservedSpeciesData!P$2:P$4955,ObservedSpeciesData!$A$2:$A$4955,$A11,ObservedSpeciesData!$C$2:$C$4955,$C11,ObservedSpeciesData!$D$2:$D$4955,$D11)),AVERAGEIFS(ObservedSpeciesData!P$2:P$4955,ObservedSpeciesData!$A$2:$A$4955,$A11,ObservedSpeciesData!$C$2:$C$4955,$C11,ObservedSpeciesData!$D$2:$D$4955,$D11),"") -> 375.05083 | R11: =IF(ISNUMBER(AVERAGEIFS(ObservedSpeciesData!R$2:R$4955,ObservedSpeciesData!$A$2:$A$4955,$A11,ObservedSpeciesData!$D$2:$D$4955,$D11)),AVERAGEIFS(ObservedSpeciesData!R$2:R$4955,ObservedSpeciesData!$A$2:$A$4955,$A11,ObservedSpeciesData!$D$2:$D$4955,$D11),"") | S11: =IF(ISNUMBER(AVERAGEIFS(ObservedSpeciesData!S$2:S$4955,ObservedSpeciesData!$A$2:$A$4955,$A11,ObservedSpeciesData!$D$2:$D$4955,$D11)),AVERAGEIFS(ObservedSpeciesData!S$2:S$4955,ObservedSpeciesData!$A$2:$A$4955,$A11,ObservedSpeciesData!$D$2:$D$4955,$D11),"") | T11: =IF(ISNUMBER(AVERAGEIFS(ObservedSpeciesData!T$2:T$4955,ObservedSpeciesData!$A$2:$A$4955,$A11,ObservedSpeciesData!$D$2:$D$4955,$D11)),AVERAGEIFS(ObservedSpeciesData!T$2:T$4955,ObservedSpeciesData!$A$2:$A$4955,$A11,ObservedSpeciesData!$D$2:$D$4955,$D11),"") | U11: =IF(ISNUMBER(AVERAGEIFS(ObservedSpeciesData!U$2:U$4955,ObservedSpeciesData!$A$2:$A$4955,$A11,ObservedSpeciesData!$C$2:$C$4955,$C11,ObservedSpeciesData!$D$2:$D$4955,$D11)),AVERAGEIFS(ObservedSpeciesData!U$2:U$4955,ObservedSpeciesData!$A$2:$A$4955,$A11,ObservedSpeciesData!$C$2:$C$4955,$C11,ObservedSpeciesData!$D$2:$D$4955,$D11),"") | V11: =IF(ISNUMBER(AVERAGEIFS(ObservedSpeciesData!V$2:V$4955,ObservedSpeciesData!$A$2:$A$4955,$A11,ObservedSpeciesData!$D$2:$D$4955,$D11)),AVERAGEIFS(ObservedSpeciesData!V$2:V$4955,ObservedSpeciesData!$A$2:$A$4955,$A11,ObservedSpeciesData!$D$2:$D$4955,$D11),"") -> 18.581114 | W11: =IF(ISNUMBER(AVERAGEIFS(ObservedSpeciesData!W$2:W$4955,ObservedSpeciesData!$A$2:$A$4955,$A11,ObservedSpeciesData!$D$2:$D$4955,$D11)),AVERAGEIFS(ObservedSpeciesData!W$2:W$4955,ObservedSpeciesData!$A$2:$A$4955,$A11,ObservedSpeciesData!$D$2:$D$4955,$D11),"") -> 12.924398 | X11: =IF(ISNUMBER(AVERAGEIFS(ObservedSpeciesData!X$2:X$4955,ObservedSpeciesData!$A$2:$A$4955,$A11,ObservedSpeciesData!$D$2:$D$4955,$D11)),AVERAGEIFS(ObservedSpeciesData!X$2:X$4955,ObservedSpeciesData!$A$2:$A$4955,$A11,ObservedSpeciesData!$D$2:$D$4955,$D11),"") -> 78.412638 | Y11: =IF(ISNUMBER(AVERAGEIFS(ObservedSpeciesData!Y$2:Y$4955,ObservedSpeciesData!$A$2:$A$4955,$A11,ObservedSpeciesData!$D$2:$D$4955,$D11)),AVERAGEIFS(ObservedSpeciesData!Y$2:Y$4955,ObservedSpeciesData!$A$2:$A$4955,$A11,ObservedSpeciesData!$D$2:$D$4955,$D11),"") -> 23.484262 | Z11: =IF(ISNUMBER(AVERAGEIFS(ObservedSpeciesData!Z$2:Z$4955,ObservedSpeciesData!$A$2:$A$4955,$A11,ObservedSpeciesData!$D$2:$D$4955,$D11)),AVERAGEIFS(ObservedSpeciesData!Z$2:Z$4955,ObservedSpeciesData!$A$2:$A$4955,$A11,ObservedSpeciesData!$D$2:$D$4955,$D11),"") -> 89.562509 | AA11: =IF(ISNUMBER(AVERAGEIFS(ObservedSpeciesData!AA$2:AA$4955,ObservedSpeciesData!$A$2:$A$4955,$A11,ObservedSpeciesData!$D$2:$D$4955,$D11)),AVERAGEIFS(ObservedSpeciesData!AA$2:AA$4955,ObservedSpeciesData!$A$2:$A$4955,$A11,ObservedSpeciesData!$D$2:$D$4955,$D11),"") -> 27.103203 | AB11: =IF(ISNUMBER(AVERAGEIFS(ObservedSpeciesData!AB$2:AB$4955,ObservedSpeciesData!$A$2:$A$4955,$A11,ObservedSpeciesData!$D$2:$D$4955,$D11)),AVERAGEIFS(ObservedSpeciesData!AB$2:AB$4955,ObservedSpeciesData!$A$2:$A$4955,$A11,ObservedSpeciesData!$D$2:$D$4955,$D11),"") -> 0.043365124 | AC11: =IF(ISNUMBER(AVERAGEIFS(ObservedSpeciesData!AC$2:AC$4955,ObservedSpeciesData!$A$2:$A$4955,$A11,ObservedSpeciesData!$D$2:$D$4955,$D11)),AVERAGEIFS(ObservedSpeciesData!AC$2:AC$4955,ObservedSpeciesData!$A$2:$A$4955,$A11,ObservedSpeciesData!$D$2:$D$4955,$D11),"") -> 0.043365124 | ... AE11: =IF(ISNUMBER(AVERAGEIFS(ObservedSpeciesData!AE$2:AE$4955,ObservedSpeciesData!$A$2:$A$4955,$A11,ObservedSpeciesData!$D$2:$D$4955,$D11)),AVERAGEIFS(ObservedSpeciesData!AE$2:AE$4955,ObservedSpeciesData!$A$2:$A$4955,$A11,ObservedSpeciesData!$D$2:$D$4955,$D11),"") -> 18.392894 | AH11: =IF(ISNUMBER(AVERAGEIFS(ObservedSpeciesData!AH$2:AH$4955,ObservedSpeciesData!$A$2:$A$4955,$A11,ObservedSpeciesData!$D$2:$D$4955,$D11)),AVERAGEIFS(ObservedSpeciesData!AH$2:AH$4955,ObservedSpeciesData!$A$2:$A$4955,$A11,ObservedSpeciesData!$D$2:$D$4955,$D11),"") -> 8.61325 | AI11: =IF(ISNUMBER(AVERAGEIFS(ObservedSpeciesData!AI$2:AI$4955,ObservedSpeciesData!$A$2:$A$4955,$A11,ObservedSpeciesData!$C$2:$C$4955,$C11,ObservedSpeciesData!$D$2:$D$4955,$D11)),AVERAGEIFS(ObservedSpeciesData!AI$2:AI$4955,ObservedSpeciesData!$A$2:$A$4955,$A11,ObservedSpeciesData!$C$2:$C$4955,$C11,ObservedSpeciesData!$D$2:$D$4955,$D11),"") -> 15.42925 | AJ11: =COUNTIFS(ObservedSpeciesData!$A$2:$A$828,$A11,ObservedSpeciesData!$D$2:$D$828,$D11) -> 4 | AK11: =COUNT(M11:AI11) -> 15
A12: FRNLLincolnWCloverNRate350 | B12: LU_GEdwards | C12: WhiteClover | D12: 41968 | E12: 1 | F12: 350 | G12: 2014/15 | H12: Spring | I12: 2 | J12: Harvest | K12: =IF(ISNUMBER(AVERAGEIFS(ObservedSpeciesData!K$2:K$4955,ObservedSpeciesData!$A$2:$A$4955,$A12,ObservedSpeciesData!$D$2:$D$4955,$D12)),AVERAGEIFS(ObservedSpeciesData!K$2:K$4955,ObservedSpeciesData!$A$2:$A$4955,$A12,ObservedSpeciesData!$D$2:$D$4955,$D12),"") -> 272 | L12: =IF(ISNUMBER(AVERAGEIFS(ObservedSpeciesData!L$2:L$4955,ObservedSpeciesData!$A$2:$A$4955,$A12,ObservedSpeciesData!$D$2:$D$4955,$D12)),AVERAGEIFS(ObservedSpeciesData!L$2:L$4955,ObservedSpeciesData!$A$2:$A$4955,$A12,ObservedSpeciesData!$D$2:$D$4955,$D12),"") | M12: =IF(ISNUMBER(AVERAGEIFS(ObservedSpeciesData!M$2:M$4955,ObservedSpeciesData!$A$2:$A$4955,$A12,ObservedSpeciesData!$D$2:$D$4955,$D12)),AVERAGEIFS(ObservedSpeciesData!M$2:M$4955,ObservedSpeciesData!$A$2:$A$4955,$A12,ObservedSpeciesData!$D$2:$D$4955,$D12),"") | N12: =IF(ISNUMBER(AVERAGEIFS(ObservedSpeciesData!N$2:N$4955,ObservedSpeciesData!$A$2:$A$4955,$A12,ObservedSpeciesData!$D$2:$D$4955,$D12)),AVERAGEIFS(ObservedSpeciesData!N$2:N$4955,ObservedSpeciesData!$A$2:$A$4955,$A12,ObservedSpeciesData!$D$2:$D$4955,$D12),"") -> 1771.7899 | O12: =IF(ISNUMBER(AVERAGEIFS(ObservedSpeciesData!O$2:O$4955,ObservedSpeciesData!$A$2:$A$4955,$A12,ObservedSpeciesData!$D$2:$D$4955,$D12)),AVERAGEIFS(ObservedSpeciesData!O$2:O$4955,ObservedSpeciesData!$A$2:$A$4955,$A12,ObservedSpeciesData!$D$2:$D$4955,$D12),"") -> 177.17899 | P12: =IF(ISNUMBER(AVERAGEIFS(ObservedSpeciesData!P$2:P$4955,ObservedSpeciesData!$A$2:$A$4955,$A12,ObservedSpeciesData!$C$2:$C$4955,$C12,ObservedSpeciesData!$D$2:$D$4955,$D12)),AVERAGEIFS(ObservedSpeciesData!P$2:P$4955,ObservedSpeciesData!$A$2:$A$4955,$A12,ObservedSpeciesData!$C$2:$C$4955,$C12,ObservedSpeciesData!$D$2:$D$4955,$D12),"") -> 406.10073 | R12: =IF(ISNUMBER(AVERAGEIFS(ObservedSpeciesData!R$2:R$4955,ObservedSpeciesData!$A$2:$A$4955,$A12,ObservedSpeciesData!$D$2:$D$4955,$D12)),AVERAGEIFS(ObservedSpeciesData!R$2:R$4955,ObservedSpeciesData!$A$2:$A$4955,$A12,ObservedSpeciesData!$D$2:$D$4955,$D12),"") | S12: =IF(ISNUMBER(AVERAGEIFS(ObservedSpeciesData!S$2:S$4955,ObservedSpeciesData!$A$2:$A$4955,$A12,ObservedSpeciesData!$D$2:$D$4955,$D12)),AVERAGEIFS(ObservedSpeciesData!S$2:S$4955,ObservedSpeciesData!$A$2:$A$4955,$A12,ObservedSpeciesData!$D$2:$D$4955,$D12),"") | T12: =IF(ISNUMBER(AVERAGEIFS(ObservedSpeciesData!T$2:T$4955,ObservedSpeciesData!$A$2:$A$4955,$A12,ObservedSpeciesData!$D$2:$D$4955,$D12)),AVERAGEIFS(ObservedSpeciesData!T$2:T$4955,ObservedSpeciesData!$A$2:$A$4955,$A12,ObservedSpeciesData!$D$2:$D$4955,$D12),"") | U12: =IF(ISNUMBER(AVERAGEIFS(ObservedSpeciesData!U$2:U$4955,ObservedSpeciesData!$A$2:$A$4955,$A12,ObservedSpeciesData!$C$2:$C$4955,$C12,ObservedSpeciesData!$D$2:$D$4955,$D12)),AVERAGEIFS(ObservedSpeciesData!U$2:U$4955,ObservedSpeciesData!$A$2:$A$4955,$A12,ObservedSpeciesData!$C$2:$C$4955,$C12,ObservedSpeciesData!$D$2:$D$4955,$D12),"") | V12: =IF(ISNUMBER(AVERAGEIFS(ObservedSpeciesData!V$2:V$4955,ObservedSpeciesData!$A$2:$A$4955,$A12,ObservedSpeciesData!$D$2:$D$4955,$D12)),AVERAGEIFS(ObservedSpeciesData!V$2:V$4955,ObservedSpeciesData!$A$2:$A$4955,$A12,ObservedSpeciesData!$D$2:$D$4955,$D12),"") -> 19.487524 | W12: =IF(ISNUMBER(AVERAGEIFS(ObservedSpeciesData!W$2:W$4955,ObservedSpeciesData!$A$2:$A$4955,$A12,ObservedSpeciesData!$D$2:$D$4955,$D12)),AVERAGEIFS(ObservedSpeciesData!W$2:W$4955,ObservedSpeciesData!$A$2:$A$4955,$A12,ObservedSpeciesData!$D$2:$D$4955,$D12),"") -> 12.302881 | X12: =IF(ISNUMBER(AVERAGEIFS(ObservedSpeciesData!X$2:X$4955,ObservedSpeciesData!$A$2:$A$4955,$A12,ObservedSpeciesData!$D$2:$D$4955,$D12)),AVERAGEIFS(ObservedSpeciesData!X$2:X$4955,ObservedSpeciesData!$A$2:$A$4955,$A12,ObservedSpeciesData!$D$2:$D$4955,$D12),"") -> 77.800703 | Y12: =IF(ISNUMBER(AVERAGEIFS(ObservedSpeciesData!Y$2:Y$4955,ObservedSpeciesData!$A$2:$A$4955,$A12,ObservedSpeciesData!$D$2:$D$4955,$D12)),AVERAGEIFS(ObservedSpeciesData!Y$2:Y$4955,ObservedSpeciesData!$A$2:$A$4955,$A12,ObservedSpeciesData!$D$2:$D$4955,$D12),"") -> 24.975971 | Z12: =IF(ISNUMBER(AVERAGEIFS(ObservedSpeciesData!Z$2:Z$4955,ObservedSpeciesData!$A$2:$A$4955,$A12,ObservedSpeciesData!$D$2:$D$4955,$D12)),AVERAGEIFS(ObservedSpeciesData!Z$2:Z$4955,ObservedSpeciesData!$A$2:$A$4955,$A12,ObservedSpeciesData!$D$2:$D$4955,$D12),"") -> 89.403547 | AA12: =IF(ISNUMBER(AVERAGEIFS(ObservedSpeciesData!AA$2:AA$4955,ObservedSpeciesData!$A$2:$A$4955,$A12,ObservedSpeciesData!$D$2:$D$4955,$D12)),AVERAGEIFS(ObservedSpeciesData!AA$2:AA$4955,ObservedSpeciesData!$A$2:$A$4955,$A12,ObservedSpeciesData!$D$2:$D$4955,$D12),"") -> 27.938974 | AB12: =IF(ISNUMBER(AVERAGEIFS(ObservedSpeciesData!AB$2:AB$4955,ObservedSpeciesData!$A$2:$A$4955,$A12,ObservedSpeciesData!$D$2:$D$4955,$D12)),AVERAGEIFS(ObservedSpeciesData!AB$2:AB$4955,ObservedSpeciesData!$A$2:$A$4955,$A12,ObservedSpeciesData!$D$2:$D$4955,$D12),"") -> 0.044702358 | AC12: =IF(ISNUMBER(AVERAGEIFS(ObservedSpeciesData!AC$2:AC$4955,ObservedSpeciesData!$A$2:$A$4955,$A12,ObservedSpeciesData!$D$2:$D$4955,$D12)),AVERAGEIFS(ObservedSpeciesData!AC$2:AC$4955,ObservedSpeciesData!$A$2:$A$4955,$A12,ObservedSpeciesData!$D$2:$D$4955,$D12),"") -> 0.044702358 | ... AE12: =IF(ISNUMBER(AVERAGEIFS(ObservedSpeciesData!AE$2:AE$4955,ObservedSpeciesData!$A$2:$A$4955,$A12,ObservedSpeciesData!$D$2:$D$4955,$D12)),AVERAGEIFS(ObservedSpeciesData!AE$2:AE$4955,ObservedSpeciesData!$A$2:$A$4955,$A12,ObservedSpeciesData!$D$2:$D$4955,$D12),"") -> 18.28019 | AH12: =IF(ISNUMBER(AVERAGEIFS(ObservedSpeciesData!AH$2:AH$4955,ObservedSpeciesData!$A$2:$A$4955,$A12,ObservedSpeciesData!$D$2:$D$4955,$D12)),AVERAGEIFS(ObservedSpeciesData!AH$2:AH$4955,ObservedSpeciesData!$A$2:$A$4955,$A12,ObservedSpeciesData!$D$2:$D$4955,$D12),"") -> 7.928 | AI12: =IF(ISNUMBER(AVERAGEIFS(ObservedSpeciesData!AI$2:AI$4955,ObservedSpeciesData!$A$2:$A$4955,$A12,ObservedSpeciesData!$C$2:$C$4955,$C12,ObservedSpeciesData!$D$2:$D$4955,$D12)),AVERAGEIFS(ObservedSpeciesData!AI$2:AI$4955,ObservedSpeciesData!$A$2:$A$4955,$A12,ObservedSpeciesData!$C$2:$C$4955,$C12,ObservedSpeciesData!$D$2:$D$4955,$D12),"") -> 17.5885 | AJ12: =COUNTIFS(ObservedSpeciesData!$A$2:$A$828,$A12,ObservedSpeciesData!$D$2:$D$828,$D12) -> 4 | AK12: =COUNT(M12:AI12) -> 15
A13: FRNLLincolnWCloverNRate500 | B13: LU_GEdwards | C13: WhiteClover | D13: 41968 | E13: 1 | F13: 500 | G13: 2014/15 | H13: Spring | I13: 2 | J13: Harvest | K13: =IF(ISNUMBER(AVERAGEIFS(ObservedSpeciesData!K$2:K$4955,ObservedSpeciesData!$A$2:$A$4955,$A13,ObservedSpeciesData!$D$2:$D$4955,$D13)),AVERAGEIFS(ObservedSpeciesData!K$2:K$4955,ObservedSpeciesData!$A$2:$A$4955,$A13,ObservedSpeciesData!$D$2:$D$4955,$D13),"") -> 389 | L13: =IF(ISNUMBER(AVERAGEIFS(ObservedSpeciesData!L$2:L$4955,ObservedSpeciesData!$A$2:$A$4955,$A13,ObservedSpeciesData!$D$2:$D$4955,$D13)),AVERAGEIFS(ObservedSpeciesData!L$2:L$4955,ObservedSpeciesData!$A$2:$A$4955,$A13,ObservedSpeciesData!$D$2:$D$4955,$D13),"") | M13: =IF(ISNUMBER(AVERAGEIFS(ObservedSpeciesData!M$2:M$4955,ObservedSpeciesData!$A$2:$A$4955,$A13,ObservedSpeciesData!$D$2:$D$4955,$D13)),AVERAGEIFS(ObservedSpeciesData!M$2:M$4955,ObservedSpeciesData!$A$2:$A$4955,$A13,ObservedSpeciesData!$D$2:$D$4955,$D13),"") | N13: =IF(ISNUMBER(AVERAGEIFS(ObservedSpeciesData!N$2:N$4955,ObservedSpeciesData!$A$2:$A$4955,$A13,ObservedSpeciesData!$D$2:$D$4955,$D13)),AVERAGEIFS(ObservedSpeciesData!N$2:N$4955,ObservedSpeciesData!$A$2:$A$4955,$A13,ObservedSpeciesData!$D$2:$D$4955,$D13),"") -> 1745.7787 | O13: =IF(ISNUMBER(AVERAGEIFS(ObservedSpeciesData!O$2:O$4955,ObservedSpeciesData!$A$2:$A$4955,$A13,ObservedSpeciesData!$D$2:$D$4955,$D13)),AVERAGEIFS(ObservedSpeciesData!O$2:O$4955,ObservedSpeciesData!$A$2:$A$4955,$A13,ObservedSpeciesData!$D$2:$D$4955,$D13),"") -> 174.57787 | P13: =IF(ISNUMBER(AVERAGEIFS(ObservedSpeciesData!P$2:P$4955,ObservedSpeciesData!$A$2:$A$4955,$A13,ObservedSpeciesData!$C$2:$C$4955,$C13,ObservedSpeciesData!$D$2:$D$4955,$D13)),AVERAGEIFS(ObservedSpeciesData!P$2:P$4955,ObservedSpeciesData!$A$2:$A$4955,$A13,ObservedSpeciesData!$C$2:$C$4955,$C13,ObservedSpeciesData!$D$2:$D$4955,$D13),"") -> 374.93479 | R13: =IF(ISNUMBER(AVERAGEIFS(ObservedSpeciesData!R$2:R$4955,ObservedSpeciesData!$A$2:$A$4955,$A13,ObservedSpeciesData!$D$2:$D$4955,$D13)),AVERAGEIFS(ObservedSpeciesData!R$2:R$4955,ObservedSpeciesData!$A$2:$A$4955,$A13,ObservedSpeciesData!$D$2:$D$4955,$D13),"") | S13: =IF(ISNUMBER(AVERAGEIFS(ObservedSpeciesData!S$2:S$4955,ObservedSpeciesData!$A$2:$A$4955,$A13,ObservedSpeciesData!$D$2:$D$4955,$D13)),AVERAGEIFS(ObservedSpeciesData!S$2:S$4955,ObservedSpeciesData!$A$2:$A$4955,$A13,ObservedSpeciesData!$D$2:$D$4955,$D13),"") | T13: =IF(ISNUMBER(AVERAGEIFS(ObservedSpeciesData!T$2:T$4955,ObservedSpeciesData!$A$2:$A$4955,$A13,ObservedSpeciesData!$D$2:$D$4955,$D13)),AVERAGEIFS(ObservedSpeciesData!T$2:T$4955,ObservedSpeciesData!$A$2:$A$4955,$A13,ObservedSpeciesData!$D$2:$D$4955,$D13),"") | U13: =IF(ISNUMBER(AVERAGEIFS(ObservedSpeciesData!U$2:U$4955,ObservedSpeciesData!$A$2:$A$4955,$A13,ObservedSpeciesData!$C$2:$C$4955,$C13,ObservedSpeciesData!$D$2:$D$4955,$D13)),AVERAGEIFS(ObservedSpeciesData!U$2:U$4955,ObservedSpeciesData!$A$2:$A$4955,$A13,ObservedSpeciesData!$C$2:$C$4955,$C13,ObservedSpeciesData!$D$2:$D$4955,$D13),"") | V13: =IF(ISNUMBER(AVERAGEIFS(ObservedSpeciesData!V$2:V$4955,ObservedSpeciesData!$A$2:$A$4955,$A13,ObservedSpeciesData!$D$2:$D$4955,$D13)),AVERAGEIFS(ObservedSpeciesData!V$2:V$4955,ObservedSpeciesData!$A$2:$A$4955,$A13,ObservedSpeciesData!$D$2:$D$4955,$D13),"") -> 18.685021 | W13: =IF(ISNUMBER(AVERAGEIFS(ObservedSpeciesData!W$2:W$4955,ObservedSpeciesData!$A$2:$A$4955,$A13,ObservedSpeciesData!$D$2:$D$4955,$D13)),AVERAGEIFS(ObservedSpeciesData!W$2:W$4955,ObservedSpeciesData!$A$2:$A$4955,$A13,ObservedSpeciesData!$D$2:$D$4955,$D13),"") -> 11.789856 | X13: =IF(ISNUMBER(AVERAGEIFS(ObservedSpeciesData!X$2:X$4955,ObservedSpeciesData!$A$2:$A$4955,$A13,ObservedSpeciesData!$D$2:$D$4955,$D13)),AVERAGEIFS(ObservedSpeciesData!X$2:X$4955,ObservedSpeciesData!$A$2:$A$4955,$A13,ObservedSpeciesData!$D$2:$D$4955,$D13),"") -> 76.559362 | Y13: =IF(ISNUMBER(AVERAGEIFS(ObservedSpeciesData!Y$2:Y$4955,ObservedSpeciesData!$A$2:$A$4955,$A13,ObservedSpeciesData!$D$2:$D$4955,$D13)),AVERAGEIFS(ObservedSpeciesData!Y$2:Y$4955,ObservedSpeciesData!$A$2:$A$4955,$A13,ObservedSpeciesData!$D$2:$D$4955,$D13),"") -> 23.681861 | Z13: =IF(ISNUMBER(AVERAGEIFS(ObservedSpeciesData!Z$2:Z$4955,ObservedSpeciesData!$A$2:$A$4955,$A13,ObservedSpeciesData!$D$2:$D$4955,$D13)),AVERAGEIFS(ObservedSpeciesData!Z$2:Z$4955,ObservedSpeciesData!$A$2:$A$4955,$A13,ObservedSpeciesData!$D$2:$D$4955,$D13),"") -> 88.619475 | AA13: =IF(ISNUMBER(AVERAGEIFS(ObservedSpeciesData!AA$2:AA$4955,ObservedSpeciesData!$A$2:$A$4955,$A13,ObservedSpeciesData!$D$2:$D$4955,$D13)),AVERAGEIFS(ObservedSpeciesData!AA$2:AA$4955,ObservedSpeciesData!$A$2:$A$4955,$A13,ObservedSpeciesData!$D$2:$D$4955,$D13),"") -> 26.615772 | AB13: =IF(ISNUMBER(AVERAGEIFS(ObservedSpeciesData!AB$2:AB$4955,ObservedSpeciesData!$A$2:$A$4955,$A13,ObservedSpeciesData!$D$2:$D$4955,$D13)),AVERAGEIFS(ObservedSpeciesData!AB$2:AB$4955,ObservedSpeciesData!$A$2:$A$4955,$A13,ObservedSpeciesData!$D$2:$D$4955,$D13),"") -> 0.042585236 | AC13: =IF(ISNUMBER(AVERAGEIFS(ObservedSpeciesData!AC$2:AC$4955,ObservedSpeciesData!$A$2:$A$4955,$A13,ObservedSpeciesData!$D$2:$D$4955,$D13)),AVERAGEIFS(ObservedSpeciesData!AC$2:AC$4955,ObservedSpeciesData!$A$2:$A$4955,$A13,ObservedSpeciesData!$D$2:$D$4955,$D13),"") -> 0.042585236 | ... AE13: =IF(ISNUMBER(AVERAGEIFS(ObservedSpeciesData!AE$2:AE$4955,ObservedSpeciesData!$A$2:$A$4955,$A13,ObservedSpeciesData!$D$2:$D$4955,$D13)),AVERAGEIFS(ObservedSpeciesData!AE$2:AE$4955,ObservedSpeciesData!$A$2:$A$4955,$A13,ObservedSpeciesData!$D$2:$D$4955,$D13),"") -> 20.025757 | AH13: =IF(ISNUMBER(AVERAGEIFS(ObservedSpeciesData!AH$2:AH$4955,ObservedSpeciesData!$A$2:$A$4955,$A13,ObservedSpeciesData!$D$2:$D$4955,$D13)),AVERAGEIFS(ObservedSpeciesData!AH$2:AH$4955,ObservedSpeciesData!$A$2:$A$4955,$A13,ObservedSpeciesData!$D$2:$D$4955,$D13),"") -> 7.5095 | AI13: =IF(ISNUMBER(AVERAGEIFS(ObservedSpeciesData!AI$2:AI$4955,ObservedSpeciesData!$A$2:$A$4955,$A13,ObservedSpeciesData!$C$2:$C$4955,$C13,ObservedSpeciesData!$D$2:$D$4955,$D13)),AVERAGEIFS(ObservedSpeciesData!AI$2:AI$4955,ObservedSpeciesData!$A$2:$A$4955,$A13,ObservedSpeciesData!$C$2:$C$4955,$C13,ObservedSpeciesData!$D$2:$D$4955,$D13),"") -> 15.86575 | AJ13: =COUNTIFS(ObservedSpeciesData!$A$2:$A$828,$A13,ObservedSpeciesData!$D$2:$D$828,$D13) -> 4 | AK13: =COUNT(M13:AI13) -> 15
... A1525: FRNLRuakuraMixedSwardNRate500 | B1525: DairyNZ | C1525: MixedSward | D1525: 42605 | E1525: 1 | F1525: 500 | G1525: 2016/17 | H1525: Winter | I1525: 15 | J1525: Harvest | K1525: =IF(ISNUMBER(AVERAGEIFS(ObservedSpeciesData!K$2:K$4955,ObservedSpeciesData!$A$2:$A$4955,$A1525,ObservedSpeciesData!$D$2:$D$4955,$D1525)),AVERAGEIFS(ObservedSpeciesData!K$2:K$4955,ObservedSpeciesData!$A$2:$A$4955,$A1525,ObservedSpeciesData!$D$2:$D$4955,$D1525),"") -> 450 | L1525: =IF(ISNUMBER(AVERAGEIFS(ObservedSpeciesData!L$2:L$4955,ObservedSpeciesData!$A$2:$A$4955,$A1525,ObservedSpeciesData!$D$2:$D$4955,$D1525)),AVERAGEIFS(ObservedSpeciesData!L$2:L$4955,ObservedSpeciesData!$A$2:$A$4955,$A1525,ObservedSpeciesData!$D$2:$D$4955,$D1525),"") | M1525: =IF(ISNUMBER(AVERAGEIFS(ObservedSpeciesData!M$2:M$4955,ObservedSpeciesData!$A$2:$A$4955,$A1525,ObservedSpeciesData!$D$2:$D$4955,$D1525)),AVERAGEIFS(ObservedSpeciesData!M$2:M$4955,ObservedSpeciesData!$A$2:$A$4955,$A1525,ObservedSpeciesData!$D$2:$D$4955,$D1525),"") | N1525: =IF(ISNUMBER(AVERAGEIFS(ObservedSpeciesData!N$2:N$4955,ObservedSpeciesData!$A$2:$A$4955,$A1525,ObservedSpeciesData!$D$2:$D$4955,$D1525)),AVERAGEIFS(ObservedSpeciesData!N$2:N$4955,ObservedSpeciesData!$A$2:$A$4955,$A1525,ObservedSpeciesData!$D$2:$D$4955,$D1525),"") -> 1820.3624 | O1525: =IF(ISNUMBER(AVERAGEIFS(ObservedSpeciesData!O$2:O$4955,ObservedSpeciesData!$A$2:$A$4955,$A1525,ObservedSpeciesData!$D$2:$D$4955,$D1525)),AVERAGEIFS(ObservedSpeciesData!O$2:O$4955,ObservedSpeciesData!$A$2:$A$4955,$A1525,ObservedSpeciesData!$D$2:$D$4955,$D1525),"") -> 182.03624 | P1525: =IF(ISNUMBER(AVERAGEIFS(ObservedSpeciesData!P$2:P$4955,ObservedSpeciesData!$A$2:$A$4955,$A1525,ObservedSpeciesData!$C$2:$C$4955,$C1525,ObservedSpeciesData!$D$2:$D$4955,$D1525)),AVERAGEIFS(ObservedSpeciesData!P$2:P$4955,ObservedSpeciesData!$A$2:$A$4955,$A1525,ObservedSpeciesData!$C$2:$C$4955,$C1525,ObservedSpeciesData!$D$2:$D$4955,$D1525),"") -> 182.03624 | R1525: =IF(ISNUMBER(AVERAGEIFS(ObservedSpeciesData!R$2:R$4955,ObservedSpeciesData!$A$2:$A$4955,$A1525,ObservedSpeciesData!$D$2:$D$4955,$D1525)),AVERAGEIFS(ObservedSpeciesData!R$2:R$4955,ObservedSpeciesData!$A$2:$A$4955,$A1525,ObservedSpeciesData!$D$2:$D$4955,$D1525),"") -> 3.0789746 | S1525: =IF(ISNUMBER(AVERAGEIFS(ObservedSpeciesData!S$2:S$4955,ObservedSpeciesData!$A$2:$A$4955,$A1525,ObservedSpeciesData!$D$2:$D$4955,$D1525)),AVERAGEIFS(ObservedSpeciesData!S$2:S$4955,ObservedSpeciesData!$A$2:$A$4955,$A1525,ObservedSpeciesData!$D$2:$D$4955,$D1525),"") -> 0.99897908 | T1525: =IF(ISNUMBER(AVERAGEIFS(ObservedSpeciesData!T$2:T$4955,ObservedSpeciesData!$A$2:$A$4955,$A1525,ObservedSpeciesData!$D$2:$D$4955,$D1525)),AVERAGEIFS(ObservedSpeciesData!T$2:T$4955,ObservedSpeciesData!$A$2:$A$4955,$A1525,ObservedSpeciesData!$D$2:$D$4955,$D1525),"") -> 3.7809379 | U1525: =IF(ISNUMBER(AVERAGEIFS(ObservedSpeciesData!U$2:U$4955,ObservedSpeciesData!$A$2:$A$4955,$A1525,ObservedSpeciesData!$C$2:$C$4955,$C1525,ObservedSpeciesData!$D$2:$D$4955,$D1525)),AVERAGEIFS(ObservedSpeciesData!U$2:U$4955,ObservedSpeciesData!$A$2:$A$4955,$A1525,ObservedSpeciesData!$C$2:$C$4955,$C1525,ObservedSpeciesData!$D$2:$D$4955,$D1525),"") -> 0.030789746 | V1525: =IF(ISNUMBER(AVERAGEIFS(ObservedSpeciesData!V$2:V$4955,ObservedSpeciesData!$A$2:$A$4955,$A1525,ObservedSpeciesData!$D$2:$D$4955,$D1525)),AVERAGEIFS(ObservedSpeciesData!V$2:V$4955,ObservedSpeciesData!$A$2:$A$4955,$A1525,ObservedSpeciesData!$D$2:$D$4955,$D1525),"") | W1525: =IF(ISNUMBER(AVERAGEIFS(ObservedSpeciesData!W$2:W$4955,ObservedSpeciesData!$A$2:$A$4955,$A1525,ObservedSpeciesData!$D$2:$D$4955,$D1525)),AVERAGEIFS(ObservedSpeciesData!W$2:W$4955,ObservedSpeciesData!$A$2:$A$4955,$A1525,ObservedSpeciesData!$D$2:$D$4955,$D1525),"") | X1525: =IF(ISNUMBER(AVERAGEIFS(ObservedSpeciesData!X$2:X$4955,ObservedSpeciesData!$A$2:$A$4955,$A1525,ObservedSpeciesData!$D$2:$D$4955,$D1525)),AVERAGEIFS(ObservedSpeciesData!X$2:X$4955,ObservedSpeciesData!$A$2:$A$4955,$A1525,ObservedSpeciesData!$D$2:$D$4955,$D1525),"") | Y1525: =IF(ISNUMBER(AVERAGEIFS(ObservedSpeciesData!Y$2:Y$4955,ObservedSpeciesData!$A$2:$A$4955,$A1525,ObservedSpeciesData!$D$2:$D$4955,$D1525)),AVERAGEIFS(ObservedSpeciesData!Y$2:Y$4955,ObservedSpeciesData!$A$2:$A$4955,$A1525,ObservedSpeciesData!$D$2:$D$4955,$D1525),"") | Z1525: =IF(ISNUMBER(AVERAGEIFS(ObservedSpeciesData!Z$2:Z$4955,ObservedSpeciesData!$A$2:$A$4955,$A1525,ObservedSpeciesData!$D$2:$D$4955,$D1525)),AVERAGEIFS(ObservedSpeciesData!Z$2:Z$4955,ObservedSpeciesData!$A$2:$A$4955,$A1525,ObservedSpeciesData!$D$2:$D$4955,$D1525),"") | AA1525: =IF(ISNUMBER(AVERAGEIFS(ObservedSpeciesData!AA$2:AA$4955,ObservedSpeciesData!$A$2:$A$4955,$A1525,ObservedSpeciesData!$D$2:$D$4955,$D1525)),AVERAGEIFS(ObservedSpeciesData!AA$2:AA$4955,ObservedSpeciesData!$A$2:$A$4955,$A1525,ObservedSpeciesData!$D$2:$D$4955,$D1525),"") | AB1525: =IF(ISNUMBER(AVERAGEIFS(ObservedSpeciesData!AB$2:AB$4955,ObservedSpeciesData!$A$2:$A$4955,$A1525,ObservedSpeciesData!$D$2:$D$4955,$D1525)),AVERAGEIFS(ObservedSpeciesData!AB$2:AB$4955,ObservedSpeciesData!$A$2:$A$4955,$A1525,ObservedSpeciesData!$D$2:$D$4955,$D1525),"") | AC1525: =IF(ISNUMBER(AVERAGEIFS(ObservedSpeciesData!AC$2:AC$4955,ObservedSpeciesData!$A$2:$A$4955,$A1525,ObservedSpeciesData!$D$2:$D$4955,$D1525)),AVERAGEIFS(ObservedSpeciesData!AC$2:AC$4955,ObservedSpeciesData!$A$2:$A$4955,$A1525,ObservedSpeciesData!$D$2:$D$4955,$D1525),"") | ... AE1525: =IF(ISNUMBER(AVERAGEIFS(ObservedSpeciesData!AE$2:AE$4955,ObservedSpeciesData!$A$2:$A$4955,$A1525,ObservedSpeciesData!$D$2:$D$4955,$D1525)),AVERAGEIFS(ObservedSpeciesData!AE$2:AE$4955,ObservedSpeciesData!$A$2:$A$4955,$A1525,ObservedSpeciesData!$D$2:$D$4955,$D1525),"") | AH1525: =IF(ISNUMBER(AVERAGEIFS(ObservedSpeciesData!AH$2:AH$4955,ObservedSpeciesData!$A$2:$A$4955,$A1525,ObservedSpeciesData!$D$2:$D$4955,$D1525)),AVERAGEIFS(ObservedSpeciesData!AH$2:AH$4955,ObservedSpeciesData!$A$2:$A$4955,$A1525,ObservedSpeciesData!$D$2:$D$4955,$D1525),"") | AI1525: =IF(ISNUMBER(AVERAGEIFS(ObservedSpeciesData!AI$2:AI$4955,ObservedSpeciesData!$A$2:$A$4955,$A1525,ObservedSpeciesData!$C$2:$C$4955,$C1525,ObservedSpeciesData!$D$2:$D$4955,$D1525)),AVERAGEIFS(ObservedSpeciesData!AI$2:AI$4955,ObservedSpeciesData!$A$2:$A$4955,$A1525,ObservedSpeciesData!$C$2:$C$4955,$C1525,ObservedSpeciesData!$D$2:$D$4955,$D1525),"") | AJ1525: =COUNTIFS(ObservedSpeciesData!$A$2:$A$828,$A1525,ObservedSpeciesData!$D$2:$D$828,$D1525) -> 0 | AK1525: =COUNT(M1525:AI1525) -> 7

Sheet ObservedAnnual
A1: SimulationName | B1: Location | C1: Date | D1: AnnualHarvestedWt | E1: PropCloverHarvested
A2: RadcliffeLocationArrowtown | B2: Arrowtown | C2: 27911 | D2: 11380
A3: RadcliffeLocationArrowtown | B3: Arrowtown | C3: 28276 | D3: 8880
A4: RadcliffeLocationArrowtown | B4: Arrowtown | C4: 28641 | D4: 11880
A5: RadcliffeLocationArrowtown | B5: Arrowtown | C5: 29006 | D5: 12180
A6: RadcliffeLocationArrowtown | B6: Arrowtown | C6: 29372 | D6: 10700
A7: RadcliffeLocationArrowtown | B7: Arrowtown | C7: 29737 | D7: 10110
A8: RadcliffeLocationCromwell | B8: Cromwell | C8: 29737 | D8: 9260
A9: RadcliffeLocationCromwell | B9: Cromwell | C9: 30102 | D9: 8710
A10: RadcliffeLocationCromwell | B10: Cromwell | C10: 30467 | D10: 8110
A11: RadcliffeLocationCromwell | B11: Cromwell | C11: 30833 | D11: 7420
A12: RadcliffeLocationCromwell | B12: Cromwell | C12: 31198 | D12: 7530
A13: RadcliffeLocationCromwell | B13: Cromwell | C13: 31563 | D13: 6780
... A231: RadcliffeLocationRanui | B231: Ranui | C231: 30102 | D231: 2910
A232: RadcliffeLocationRanui | B232: Ranui | C232: 30467 | D232: 1730 | E232: 0.04
A233: RadcliffeLocationRanui | B233: Ranui | C233: 30833 | D233: 3150 | E233: 0.32
A234: RadcliffeLocationRanui | B234: Ranui | C234: 31198 | D234: 1520 | E234: 0.36
A235: RadcliffeLocationRanui | B235: Ranui | C235: 31563 | D235: 2760 | E235: 0.28
A236: RadcliffeLocationRanui | B236: Ranui | C236: 31928 | D236: 3830 | E236: 0.43
A237: RadcliffeLocationKowhitirangi | B237: Kowhitirangi | C237: 27545 | D237: 830
A238: RadcliffeLocationKowhitirangi | B238: Kowhitirangi | C238: 27911 | D238: 9010
A239: RadcliffeLocationKowhitirangi | B239: Kowhitirangi | C239: 28276 | D239: 11000
A240: RadcliffeLocationKowhitirangi | B240: Kowhitirangi | C240: 28641 | D240: 7960
A241: RadcliffeLocationKowhitirangi | B241: Kowhitirangi | C241: 29006 | D241: 6180
A242: RadcliffeLocationKowhitirangi | B242: Kowhitirangi | C242: 29372 | D242: 5610
A243: RadcliffeLocationAhaura | B243: Ahaura | C243: 27545 | D243: 8570
A244: RadcliffeLocationAhaura | B244: Ahaura | C244: 27911 | D244: 7730
A245: RadcliffeLocationAhaura | B245: Ahaura | C245: 28276 | D245: 8570
A246: RadcliffeLocationAhaura | B246: Ahaura | C246: 28641 | D246: 10650
A247: RadcliffeLocationAhaura | B247: Ahaura | C247: 29006 | D247: 11620
A248: RadcliffeLocationAhaura | B248: Ahaura | C248: 29372 | D248: 9100
... A398: WinchmoreIrrig | B398: WinchmoreIrrig | C398: 37772 | D398: 11039.1

Sheet X_ObservedGrowth
A1: SimulationName | B1: Location | C1: Date | D1: NetGrowthWt | E1: Sward.HarvestedWt | F1: PropCloverHarvested
A2: x_RadcliffeLocationArrowtown | B2: Arrowtown | C2: 27559 | D2: 0
A3: x_RadcliffeLocationArrowtown | B3: Arrowtown | C3: 27573 | D3: 0 | G3: ** These are not currently used
A4: x_RadcliffeLocationArrowtown | B4: Arrowtown | C4: 27587 | D4: 0
A5: x_RadcliffeLocationArrowtown | B5: Arrowtown | C5: 27601 | D5: 0
A6: x_RadcliffeLocationArrowtown | B6: Arrowtown | C6: 27615 | D6: 0
A7: x_RadcliffeLocationArrowtown | B7: Arrowtown | C7: 27629 | D7: 0
A8: x_RadcliffeLocationArrowtown | B8: Arrowtown | C8: 27643 | D8: 0
A9: x_RadcliffeLocationArrowtown | B9: Arrowtown | C9: 27657 | D9: 12.6
A10: x_RadcliffeLocationArrowtown | B10: Arrowtown | C10: 27671 | D10: 26.2
A11: x_RadcliffeLocationArrowtown | B11: Arrowtown | C11: 27685 | D11: 36.2
A12: x_RadcliffeLocationArrowtown | B12: Arrowtown | C12: 27699 | D12: 60.5
A13: x_RadcliffeLocationArrowtown | B13: Arrowtown | C13: 27713 | D13: 92.4
A14: x_RadcliffeLocationArrowtown | B14: Arrowtown | C14: 27728 | D14: 39
A15: x_RadcliffeLocationArrowtown | B15: Arrowtown | C15: 27742 | D15: 48.5
... A1119: x_RadcliffeLocationLowerWaitakiPlains | B1119: LowerWaitakiPlains | C1119: 29006 | D1119: 6.9
A1120: x_RadcliffeLocationWinchmoreIRadcliffe | B1120: WinchmoreIRadcliffe | C1120: 28290 | D1120: 4.8 | F1120: 0.0417
A1121: x_RadcliffeLocationWinchmoreIRadcliffe | B1121: WinchmoreIRadcliffe | C1121: 28304 | D1121: 5 | F1121: 0.06
A1122: x_RadcliffeLocationWinchmoreIRadcliffe | B1122: WinchmoreIRadcliffe | C1122: 28318 | D1122: 4.9 | F1122: 0.1225
A1123: x_RadcliffeLocationWinchmoreIRadcliffe | B1123: WinchmoreIRadcliffe | C1123: 28332 | D1123: 5.4 | F1123: 0.1482
A1124: x_RadcliffeLocationWinchmoreIRadcliffe | B1124: WinchmoreIRadcliffe | C1124: 28346 | D1124: 6.9 | F1124: 0.2174
A1125: x_RadcliffeLocationWinchmoreIRadcliffe | B1125: WinchmoreIRadcliffe | C1125: 28360 | D1125: 8.8 | F1125: 0.125
A1126: x_RadcliffeLocationWinchmoreIRadcliffe | B1126: WinchmoreIRadcliffe | C1126: 28374 | D1126: 17.5 | F1126: 0.2
A1127: x_RadcliffeLocationWinchmoreIRadcliffe | B1127: WinchmoreIRadcliffe | C1127: 28388 | D1127: 30 | F1127: 0.18
A1128: x_RadcliffeLocationWinchmoreIRadcliffe | B1128: WinchmoreIRadcliffe | C1128: 28402 | D1128: 39.7 | F1128: 0.1889
A1129: x_RadcliffeLocationWinchmoreIRadcliffe | B1129: WinchmoreIRadcliffe | C1129: 28416 | D1129: 41.6 | F1129: 0.1947
A1130: x_RadcliffeLocationWinchmoreIRadcliffe | B1130: WinchmoreIRadcliffe | C1130: 28430 | D1130: 38.9 | F1130: 0.2134
A1131: x_RadcliffeLocationWinchmoreIRadcliffe | B1131: WinchmoreIRadcliffe | C1131: 28444 | D1131: 43.3 | F1131: 0.254
... A2211: x_RadcliffeLocationWinton | B2211: Winton | C2211: 33389 | D2211: 9.5 | F2211: 0.1474
A2212: x_RadcliffeLocationPoolburnD | B2212: PoolburnD | C2212: 29751 | D2212: 0
A2213: x_RadcliffeLocationPoolburnD | B2213: PoolburnD | C2213: 29765 | D2213: 0
A2214: x_RadcliffeLocationPoolburnD | B2214: PoolburnD | C2214: 29779 | D2214: 0
A2215: x_RadcliffeLocationPoolburnD | B2215: PoolburnD | C2215: 29793 | D2215: 0
A2216: x_RadcliffeLocationPoolburnD | B2216: PoolburnD | C2216: 29807 | D2216: 0
A2217: x_RadcliffeLocationPoolburnD | B2217: PoolburnD | C2217: 29821 | D2217: 0
A2218: x_RadcliffeLocationPoolburnD | B2218: PoolburnD | C2218: 29835 | D2218: 0.8
A2219: x_RadcliffeLocationPoolburnD | B2219: PoolburnD | C2219: 29849 | D2219: 12.4
A2220: x_RadcliffeLocationPoolburnD | B2220: PoolburnD | C2220: 29863 | D2220: 17.6
A2221: x_RadcliffeLocationPoolburnD | B2221: PoolburnD | C2221: 29877 | D2221: 26.8
A2222: x_RadcliffeLocationPoolburnD | B2222: PoolburnD | C2222: 29891 | D2222: 22.2
A2223: x_RadcliffeLocationPoolburnD | B2223: PoolburnD | C2223: 29905 | D2223: 19.7
... A2471: x_RadcliffeLocationPoolburnD | B2471: PoolburnD | C2471: 33389 | D2471: 0
A2472: x_RadcliffeLocationWestport | B2472: Westport | C2472: 28655 | D2472: 11 | F2472: 0.2
A2473: x_RadcliffeLocationWestport | B2473: Westport | C2473: 28669 | D2473: 10.6 | F2473: 0.2076
A2474: x_RadcliffeLocationWestport | B2474: Westport | C2474: 28683 | D2474: 9.8 | F2474: 0.2245
A2475: x_RadcliffeLocationWestport | B2475: Westport | C2475: 28697 | D2475: 9.7 | F2475: 0.2268
A2476: x_RadcliffeLocationWestport | B2476: Westport | C2476: 28711 | D2476: 10.6 | F2476: 0.3113
A2477: x_RadcliffeLocationWestport | B2477: Westport | C2477: 28725 | D2477: 11.3 | F2477: 0.3894
A2478: x_RadcliffeLocationWestport | B2478: Westport | C2478: 28739 | D2478: 16.6 | F2478: 0.3434
A2479: x_RadcliffeLocationWestport | B2479: Westport | C2479: 28753 | D2479: 16.8 | F2479: 0.3333
A2480: x_RadcliffeLocationWestport | B2480: Westport | C2480: 28767 | D2480: 14.7 | F2480: 0.4694
A2481: x_RadcliffeLocationWestport | B2481: Westport | C2481: 28781 | D2481: 40.1 | F2481: 0.4564
A2482: x_RadcliffeLocationWestport | B2482: Westport | C2482: 28795 | D2482: 40.1 | F2482: 0.4564
A2483: x_RadcliffeLocationWestport | B2483: Westport | C2483: 28809 | D2483: 53.8 | F2483: 0.4684
... A3433: x_RadcliffeLocationManutuke | B3433: Manutuke | C3433: 37407 | D3433: 20.2 | F3433: 0.0446
A3434: x_RadcliffeLocationWairakeiFlat | B3434: WairakeiFlat | C3434: 27194 | D3434: 4.4
A3435: x_RadcliffeLocationWairakeiFlat | B3435: WairakeiFlat | C3435: 27208 | D3435: 4.7
A3436: x_RadcliffeLocationWairakeiFlat | B3436: WairakeiFlat | C3436: 27222 | D3436: 4.7
A3437: x_RadcliffeLocationWairakeiFlat | B3437: WairakeiFlat | C3437: 27236 | D3437: 4.7
A3438: x_RadcliffeLocationWairakeiFlat | B3438: WairakeiFlat | C3438: 27250 | D3438: 4.7
A3439: x_RadcliffeLocationWairakeiFlat | B3439: WairakeiFlat | C3439: 27264 | D3439: 4.7
A3440: x_RadcliffeLocationWairakeiFlat | B3440: WairakeiFlat | C3440: 27278 | D3440: 10.4
A3441: x_RadcliffeLocationWairakeiFlat | B3441: WairakeiFlat | C3441: 27292 | D3441: 18.4
A3442: x_RadcliffeLocationWairakeiFlat | B3442: WairakeiFlat | C3442: 27306 | D3442: 20.9
A3443: x_RadcliffeLocationWairakeiFlat | B3443: WairakeiFlat | C3443: 27320 | D3443: 32.5
A3444: x_RadcliffeLocationWairakeiFlat | B3444: WairakeiFlat | C3444: 27334 | D3444: 30.2
A3445: x_RadcliffeLocationWairakeiFlat | B3445: WairakeiFlat | C3445: 27348 | D3445: 37.1
... A3913: x_RadcliffeLocationMasterton | B3913: Masterton | C3913: 30467 | D3913: 23.2
A3914: x_RadcliffeLocationMaraekakaho | B3914: Maraekakaho | C3914: 26829 | D3914: 10 | F3914: 0.13
A3915: x_RadcliffeLocationMaraekakaho | B3915: Maraekakaho | C3915: 26843 | D3915: 10.2 | F3915: 0.098
A3916: x_RadcliffeLocationMaraekakaho | B3916: Maraekakaho | C3916: 26857 | D3916: 10 | F3916: 0.12
A3917: x_RadcliffeLocationMaraekakaho | B3917: Maraekakaho | C3917: 26871 | D3917: 10.4 | F3917: 0.1539
A3918: x_RadcliffeLocationMaraekakaho | B3918: Maraekakaho | C3918: 26885 | D3918: 12.2 | F3918: 0.2049
A3919: x_RadcliffeLocationMaraekakaho | B3919: Maraekakaho | C3919: 26899 | D3919: 23.4 | F3919: 0.2949
A3920: x_RadcliffeLocationMaraekakaho | B3920: Maraekakaho | C3920: 26913 | D3920: 26.4 | F3920: 0.3296
A3921: x_RadcliffeLocationMaraekakaho | B3921: Maraekakaho | C3921: 26927 | D3921: 47.2 | F3921: 0.303
A3922: x_RadcliffeLocationMaraekakaho | B3922: Maraekakaho | C3922: 26941 | D3922: 40 | F3922: 0.2275
A3923: x_RadcliffeLocationMaraekakaho | B3923: Maraekakaho | C3923: 26955 | D3923: 41.2 | F3923: 0.3252
A3924: x_RadcliffeLocationMaraekakaho | B3924: Maraekakaho | C3924: 26969 | D3924: 39.9 | F3924: 0.2531
A3925: x_RadcliffeLocationMaraekakaho | B3925: Maraekakaho | C3925: 26983 | D3925: 15.3 | F3925: 0.2353
... A4121: x_RadcliffeLocationMaraekakaho | B4121: Maraekakaho | C4121: 29737 | D4121: 12.3 | F4121: 0.5203
A4122: x_RadcliffeLocationMarton1 | B4122: Marton1 | C4122: 26829 | D4122: 12.6
A4123: x_RadcliffeLocationMarton1 | B4123: Marton1 | C4123: 26843 | D4123: 10.9
A4124: x_RadcliffeLocationMarton1 | B4124: Marton1 | C4124: 26857 | D4124: 10.4
A4125: x_RadcliffeLocationMarton1 | B4125: Marton1 | C4125: 26871 | D4125: 12.2
A4126: x_RadcliffeLocationMarton1 | B4126: Marton1 | C4126: 26885 | D4126: 19.4
A4127: x_RadcliffeLocationMarton1 | B4127: Marton1 | C4127: 26899 | D4127: 26.4
A4128: x_RadcliffeLocationMarton1 | B4128: Marton1 | C4128: 26913 | D4128: 36.2
A4129: x_RadcliffeLocationMarton1 | B4129: Marton1 | C4129: 26927 | D4129: 44.1
A4130: x_RadcliffeLocationMarton1 | B4130: Marton1 | C4130: 26941 | D4130: 48.9
A4131: x_RadcliffeLocationMarton1 | B4131: Marton1 | C4131: 26955 | D4131: 53.8
A4132: x_RadcliffeLocationMarton1 | B4132: Marton1 | C4132: 26969 | D4132: 52.3
A4133: x_RadcliffeLocationMarton1 | B4133: Marton1 | C4133: 26983 | D4133: 43.5
... A4433: x_RadcliffeLocationMarton1 | B4433: Marton1 | C4433: 31198 | D4433: 15.1
A4434: x_RadcliffeLocationMarton2 | B4434: Marton2 | C4434: 31212 | D4434: 12.8 | F4434: 0.0625
A4435: x_RadcliffeLocationMarton2 | B4435: Marton2 | C4435: 31226 | D4435: 11.5 | F4435: 0.0522
A4436: x_RadcliffeLocationMarton2 | B4436: Marton2 | C4436: 31240 | D4436: 11.8 | F4436: 0.0509
A4437: x_RadcliffeLocationMarton2 | B4437: Marton2 | C4437: 31254 | D4437: 12.6 | F4437: 0.0635
A4438: x_RadcliffeLocationMarton2 | B4438: Marton2 | C4438: 31268 | D4438: 17.2 | F4438: 0.0698
A4439: x_RadcliffeLocationMarton2 | B4439: Marton2 | C4439: 31282 | D4439: 21.5 | F4439: 0.093
...

Sheet ObservedAveragedAnnual
A1: SimulationName | B1: Location | C1: Date | D1: AveAnnualHarvestedWt | E1: StdAnnHarvestedWt | F1: RngAnnualHarvestedWt | G1: PropCloverHarvested
A2: RadcliffeLocationArrowtown | B2: Arrowtown | C2: 29738 | D2: 10850 | F2: 3300
A3: RadcliffeLocationCromwell | B3: Cromwell | C3: 33390 | D3: 8310 | E3: 1590 | F3: 5440
A4: RadcliffeLocationPoolburnI | B4: PoolburnI | C4: 33390 | D4: 8740 | E4: 2250 | F4: 5310
A5: RadcliffeLocationAwamoko | B5: Awamoko | C5: 31199 | D5: 15073 | E5: 3040 | F5: 8772
A6: RadcliffeLocationLowerWaitakiPlains | B6: LowerWaitakiPlains | C6: 29007 | D6: 11500 | E6: 580 | F6: 1710
A7: RadcliffeLocationWinchmoreIRadcliffe | B7: WinchmoreIRadcliffe | C7: 33025 | D7: 10160 | E7: 1030 | F7: 2970 | G7: 0.2677
A8: RadcliffeLocationDargaville | B8: Dargaville | C8: 33390 | D8: 17160 | E8: 3610 | F8: 9200 | G8: 0.1265
A9: RadcliffeLocationMonaBush | B9: MonaBush | C9: 30103 | D9: 14610 | E9: 2760 | F9: 7120 | G9: 0.1561
